id;latitude;longitude;Code postal;pop;Adresse;Ville;services;prix;rupture;horaires;geom;Prix Gazole mis à jour le;Prix Gazole;Prix SP95 mis à jour le;Prix SP95;Prix E85 mis à jour le;Prix E85;Prix GPLc mis à jour le;Prix GPLc;Prix E10 mis à jour le;Prix E10;Prix SP98 mis à jour le;Prix SP98;Début rupture e10 (si temporaire);Type rupture e10;Début rupture sp98 (si temporaire);Type rupture sp98;Début rupture sp95 (si temporaire);Type rupture sp95;Début rupture e85 (si temporaire);Type rupture e85;Début rupture GPLc (si temporaire);Type rupture GPLc;Début rupture gazole (si temporaire);Type rupture gazole;Carburants disponibles;Carburants indisponibles;Carburants en rupture temporaire;Carburants en rupture definitive;Automate 24-24 (oui/non);Services proposés;Département;code_departement;Région;code_region;horaires détaillés
"40500002;4377300;-56700;40500;R;Route de Mont de Marsan;Saint-Sever;""{""""service"""": [""""Station de gonflage"""""," """"Location de véhicule"""""," """"Piste poids lourds"""""," """"Lavage manuel"""""," """"Vente de gaz domestique (Butane"," Propane)"""""," """"DAB (Distributeur automatique de billets)""""]}"";""[{""""@nom"""": """"Gazole"""""," """"@id"""": """"1"""""," """"@maj"""": """"2026-06-05 04:40:25"""""," """"@valeur"""": """"2.004""""}"," {""""@nom"""": """"GPLc"""""," """"@id"""": """"4"""""," """"@maj"""": """"2026-04-03 12:22:08"""""," """"@valeur"""": """"0.999""""}"," {""""@nom"""": """"SP98"""""," """"@id"""": """"6"""""," """"@maj"""": """"2026-06-05 08:24:07"""""," """"@valeur"""": """"2.100""""}]"";""[{""""@nom"""": """"E85"""""," """"@id"""": """"3"""""," """"@debut"""": """"2017-08-31 18:21:04"""""," """"@fin"""": """""""""," """"@type"""": """"definitive""""}"," {""""@nom"""": """"SP95"""""," """"@id"""": """"2"""""," """"@debut"""": """"2026-03-12 17:02:34"""""," """"@fin"""": """""""""," """"@type"""": """"definitive""""}"," {""""@nom"""": """"E10"""""," """"@id"""": """"5"""""," """"@debut"""": """"2026-03-23 12:17:24"""""," """"@fin"""": """""""""," """"@type"""": """"temporaire""""}]"";""{""""@automate-24-24"""": """""""""," """"jour"""": [{""""@id"""": """"1"""""," """"@nom"""": """"Lundi"""""," """"@ferme"""": """"""""}"," {""""@id"""": """"2"""""," """"@nom"""": """"Mardi"""""," """"@ferme"""": """"""""}"," {""""@id"""": """"3"""""," """"@nom"""": """"Mercredi"""""," """"@ferme"""": """"""""}"," {""""@id"""": """"4"""""," """"@nom"""": """"Jeudi"""""," """"@ferme"""": """"""""}"," {""""@id"""": """"5"""""," """"@nom"""": """"Vendredi"""""," """"@ferme"""": """"""""}"," {""""@id"""": """"6"""""," """"@nom"""": """"Samedi"""""," """"@ferme"""": """"""""}"," {""""@id"""": """"7"""""," """"@nom"""": """"Dimanche"""""," """"@ferme"""": """"""""}]}"";43.773", -0.567;2026-06-05T04:40:25+00:00;2.004;;;;;2026-04-03T12:22:08+00:00;0.999;;;2026-06-05T08:24:07+00:00;2.1;2026-03-23T12:17:24+00:00;temporaire;;;2026-03-12T17:02:34+00:00;definitive;2017-08-31T18:21:04+00:00;definitive;;;;;Gazole,GPLc,SP98;SP95,E85,"E10;E10;""SP95;E85"";Non;Station de gonflage",Location de véhicule,Piste poids lourds,Lavage manuel,Vente de gaz domestique (Butane, Propane),DAB (Distributeur automatique de billets);Landes;40;Nouvelle-Aquitaine;75;
"10110001;4810600;437700;10110;R;14 FAUX BOURG DE BOURGOGNE;Bar-sur-Seine;;""[{""""@nom"""": """"Gazole"""""," """"@id"""": """"1"""""," """"@maj"""": """"2026-06-05 06:31:00"""""," """"@valeur"""": """"2.006""""}"," {""""@nom"""": """"E85"""""," """"@id"""": """"3"""""," """"@maj"""": """"2026-06-05 06:31:00"""""," """"@valeur"""": """"0.930""""}"," {""""@nom"""": """"E10"""""," """"@id"""": """"5"""""," """"@maj"""": """"2026-06-05 06:31:00"""""," """"@valeur"""": """"1.950""""}"," {""""@nom"""": """"SP98"""""," """"@id"""": """"6"""""," """"@maj"""": """"2026-06-05 06:31:00"""""," """"@valeur"""": """"2.063""""}]"";""[{""""@nom"""": """"SP95"""""," """"@id"""": """"2"""""," """"@debut"""": """"2009-11-27 09:30:00"""""," """"@fin"""": """""""""," """"@type"""": """"""""}"," {""""@nom"""": """"GPLc"""""," """"@id"""": """"4"""""," """"@debut"""": """"2025-03-24 10:35:24"""""," """"@fin"""": """""""""," """"@type"""": """"temporaire""""}]"";""{""""@automate-24-24"""": """""""""," """"jour"""": [{""""@id"""": """"1"""""," """"@nom"""": """"Lundi"""""," """"@ferme"""": """"""""}"," {""""@id"""": """"2"""""," """"@nom"""": """"Mardi"""""," """"@ferme"""": """"""""}"," {""""@id"""": """"3"""""," """"@nom"""": """"Mercredi"""""," """"@ferme"""": """"""""}"," {""""@id"""": """"4"""""," """"@nom"""": """"Jeudi"""""," """"@ferme"""": """"""""}"," {""""@id"""": """"5"""""," """"@nom"""": """"Vendredi"""""," """"@ferme"""": """"""""}"," {""""@id"""": """"6"""""," """"@nom"""": """"Samedi"""""," """"@ferme"""": """"""""}"," {""""@id"""": """"7"""""," """"@nom"""": """"Dimanche"""""," """"@ferme"""": """"""""}]}"";48.106", 4.377;2026-06-05T06:31:00+00:00;2.006;;;2026-06-05T06:31:00+00:00;0.93;;;2026-06-05T06:31:00+00:00;1.95;2026-06-05T06:31:00+00:00;2.063;;;;;;;;;2025-03-24T10:35:24+00:00;temporaire;;;Gazole,E85,E10,SP98;SP95,GPLc;GPLc;;Non;;Aube;10;Grand Est;44;
"49123002;4741024.334305;-93675.465665287;49123;R;28 BIS VILLAGE LA RIOTTIERE;Ingrandes-le-Fresne-sur-Loire;""{""""service"""": [""""Restauration à emporter"""""," """"Restauration sur place"""""," """"Station de gonflage"""""," """"Lavage automatique"""""," """"Lavage manuel"""""," """"Automate CB 24/24""""]}"";""[{""""@nom"""": """"Gazole"""""," """"@id"""": """"1"""""," """"@maj"""": """"2026-06-01 19:47:14"""""," """"@valeur"""": """"1.979""""}"," {""""@nom"""": """"E85"""""," """"@id"""": """"3"""""," """"@maj"""": """"2026-05-22 07:52:49"""""," """"@valeur"""": """"0.798""""}"," {""""@nom"""": """"E10"""""," """"@id"""": """"5"""""," """"@maj"""": """"2026-06-01 19:47:14"""""," """"@valeur"""": """"1.959""""}"," {""""@nom"""": """"SP98"""""," """"@id"""": """"6"""""," """"@maj"""": """"2026-06-01 19:47:14"""""," """"@valeur"""": """"2.059""""}]"";""[{""""@nom"""": """"SP95"""""," """"@id"""": """"2"""""," """"@debut"""": """"2022-08-13 09:19:02"""""," """"@fin"""": """""""""," """"@type"""": """"definitive""""}"," {""""@nom"""": """"GPLc"""""," """"@id"""": """"4"""""," """"@debut"""": """"2022-08-13 09:19:02"""""," """"@fin"""": """""""""," """"@type"""": """"definitive""""}]"";""{""""@automate-24-24"""": """"1"""""," """"jour"""": [{""""@id"""": """"1"""""," """"@nom"""": """"Lundi"""""," """"@ferme"""": """"""""}"," {""""@id"""": """"2"""""," """"@nom"""": """"Mardi"""""," """"@ferme"""": """"""""}"," {""""@id"""": """"3"""""," """"@nom"""": """"Mercredi"""""," """"@ferme"""": """"""""}"," {""""@id"""": """"4"""""," """"@nom"""": """"Jeudi"""""," """"@ferme"""": """"""""}"," {""""@id"""": """"5"""""," """"@nom"""": """"Vendredi"""""," """"@ferme"""": """"""""}"," {""""@id"""": """"6"""""," """"@nom"""": """"Samedi"""""," """"@ferme"""": """"""""}"," {""""@id"""": """"7"""""," """"@nom"""": """"Dimanche"""""," """"@ferme"""": """"""""}]}"";47.41024334305", -0.93675465665287;2026-06-01T19:47:14+00:00;1.979;;;2026-05-22T07:52:49+00:00;0.798;;;2026-06-01T19:47:14+00:00;1.959;2026-06-01T19:47:14+00:00;2.059;;;;;2022-08-13T09:19:02+00:00;definitive;;;2022-08-13T09:19:02+00:00;definitive;;;Gazole,E85,E10,SP98;SP95,"GPLc;;""SP95;GPLc"";Oui;Restauration à emporter",Restauration sur place,Station de gonflage,Lavage automatique,Lavage manuel,Automate CB 24/24;Maine-et-Loire;49;Pays de la Loire;52;Automate-24-24
"92170002;4882274;229497;92170;R;59 RUE JEAN BLEUZEN;Vanves;;""[{""""@nom"""": """"Gazole"""""," """"@id"""": """"1"""""," """"@maj"""": """"2026-06-07 00:01:00"""""," """"@valeur"""": """"2.123""""}"," {""""@nom"""": """"E85"""""," """"@id"""": """"3"""""," """"@maj"""": """"2026-06-07 00:01:00"""""," """"@valeur"""": """"0.919""""}"," {""""@nom"""": """"E10"""""," """"@id"""": """"5"""""," """"@maj"""": """"2026-06-07 00:01:00"""""," """"@valeur"""": """"1.990""""}]"";""[{""""@nom"""": """"GPLc"""""," """"@id"""": """"4"""""," """"@debut"""": """"2021-12-20 16:29:01"""""," """"@fin"""": """""""""," """"@type"""": """"definitive""""}"," {""""@nom"""": """"SP95"""""," """"@id"""": """"2"""""," """"@debut"""": """"2026-04-14 06:29:42"""""," """"@fin"""": """""""""," """"@type"""": """"definitive""""}"," {""""@nom"""": """"SP98"""""," """"@id"""": """"6"""""," """"@debut"""": """"2026-06-07 08:02:58"""""," """"@fin"""": """""""""," """"@type"""": """"temporaire""""}]"";;48.82274", 2.29497;2026-06-07T00:01:00+00:00;2.123;;;2026-06-07T00:01:00+00:00;0.919;;;2026-06-07T00:01:00+00:00;1.99;;;;;2026-06-07T08:02:58+00:00;temporaire;2026-04-14T06:29:42+00:00;definitive;;;2021-12-20T16:29:01+00:00;definitive;;;Gazole,E85,E10;SP95,GPLc,"SP98;SP98;""SP95;GPLc"";Non;;Hauts-de-Seine;92;Île-de-France;11;"
"31150010;4368754.8;140426.5747;31150;R;RUE DES USINESCC TOULOUSE NORD;Fenouillet;""{""""service"""": [""""Piste poids lourds"""""," """"Lavage automatique"""""," """"Lavage manuel"""""," """"Vente de gaz domestique (Butane"," Propane)"""""," """"DAB (Distributeur automatique de billets)""""]}"";""[{""""@nom"""": """"Gazole"""""," """"@id"""": """"1"""""," """"@maj"""": """"2026-06-05 10:15:00"""""," """"@valeur"""": """"1.959""""}"," {""""@nom"""": """"SP95"""""," """"@id"""": """"2"""""," """"@maj"""": """"2026-06-04 10:45:00"""""," """"@valeur"""": """"1.990""""}"," {""""@nom"""": """"E85"""""," """"@id"""": """"3"""""," """"@maj"""": """"2026-06-04 10:45:00"""""," """"@valeur"""": """"0.782""""}"," {""""@nom"""": """"GPLc"""""," """"@id"""": """"4"""""," """"@maj"""": """"2026-06-04 10:45:00"""""," """"@valeur"""": """"1.009""""}]"";""[{""""@nom"""": """"SP98"""""," """"@id"""": """"6"""""," """"@debut"""": """"2024-05-14 14:36:24"""""," """"@fin"""": """""""""," """"@type"""": """"definitive""""}"," {""""@nom"""": """"E10"""""," """"@id"""": """"5"""""," """"@debut"""": """"2026-05-29 09:16:17"""""," """"@fin"""": """""""""," """"@type"""": """"definitive""""}]"";""{""""@automate-24-24"""": """""""""," """"jour"""": [{""""@id"""": """"1"""""," """"@nom"""": """"Lundi"""""," """"@ferme"""": """"1""""}"," {""""@id"""": """"2"""""," """"@nom"""": """"Mardi"""""," """"@ferme"""": """"1""""}"," {""""@id"""": """"3"""""," """"@nom"""": """"Mercredi"""""," """"@ferme"""": """"1""""}"," {""""@id"""": """"4"""""," """"@nom"""": """"Jeudi"""""," """"@ferme"""": """"1""""}"," {""""@id"""": """"5"""""," """"@nom"""": """"Vendredi"""""," """"@ferme"""": """"1""""}"," {""""@id"""": """"6"""""," """"@nom"""": """"Samedi"""""," """"@ferme"""": """"1""""}"," {""""@id"""": """"7"""""," """"@nom"""": """"Dimanche"""""," """"@ferme"""": """"1""""}]}"";43.687548", 1.404265747;2026-06-05T10:15:00+00:00;1.959;2026-06-04T10:45:00+00:00;1.99;2026-06-04T10:45:00+00:00;0.782;2026-06-04T10:45:00+00:00;1.009;;;;;2026-05-29T09:16:17+00:00;definitive;2024-05-14T14:36:24+00:00;definitive;;;;;;;;;Gazole,SP95,E85,GPLc;E10,"SP98;;""E10;SP98"";Non;Piste poids lourds",Lavage automatique,Lavage manuel,Vente de gaz domestique (Butane, Propane),DAB (Distributeur automatique de billets);Haute-Garonne;31;Occitanie;76;
"76371001;4991000;107700;76371;R;Centre Commercial Le Belvédère;Dieppe;""{""""service"""": [""""Toilettes publiques"""""," """"Relais colis"""""," """"Boutique alimentaire"""""," """"Boutique non alimentaire"""""," """"Restauration à emporter"""""," """"Restauration sur place"""""," """"Bar"""""," """"Vente de fioul domestique"""""," """"Station de gonflage"""""," """"Lavage automatique"""""," """"Lavage manuel"""""," """"Services réparation / entretien"""""," """"Vente de gaz domestique (Butane"," Propane)"""""," """"Automate CB 24/24"""""," """"DAB (Distributeur automatique de billets)""""]}"";""[{""""@nom"""": """"Gazole"""""," """"@id"""": """"1"""""," """"@maj"""": """"2026-06-03 08:10:36"""""," """"@valeur"""": """"1.970""""}"," {""""@nom"""": """"E85"""""," """"@id"""": """"3"""""," """"@maj"""": """"2026-04-17 12:11:04"""""," """"@valeur"""": """"0.829""""}"," {""""@nom"""": """"GPLc"""""," """"@id"""": """"4"""""," """"@maj"""": """"2026-04-27 08:23:25"""""," """"@valeur"""": """"1.019""""}"," {""""@nom"""": """"E10"""""," """"@id"""": """"5"""""," """"@maj"""": """"2026-06-04 09:08:49"""""," """"@valeur"""": """"1.915""""}"," {""""@nom"""": """"SP98"""""," """"@id"""": """"6"""""," """"@maj"""": """"2026-06-06 08:07:20"""""," """"@valeur"""": """"2.049""""}]"";""{""""@nom"""": """"SP95"""""," """"@id"""": """"2"""""," """"@debut"""": """"2023-03-16 10:04:14"""""," """"@fin"""": """""""""," """"@type"""": """"temporaire""""}"";""{""""@automate-24-24"""": """"1"""""," """"jour"""": [{""""@id"""": """"1"""""," """"@nom"""": """"Lundi"""""," """"@ferme"""": """"""""}"," {""""@id"""": """"2"""""," """"@nom"""": """"Mardi"""""," """"@ferme"""": """"""""}"," {""""@id"""": """"3"""""," """"@nom"""": """"Mercredi"""""," """"@ferme"""": """"""""}"," {""""@id"""": """"4"""""," """"@nom"""": """"Jeudi"""""," """"@ferme"""": """"""""}"," {""""@id"""": """"5"""""," """"@nom"""": """"Vendredi"""""," """"@ferme"""": """"""""}"," {""""@id"""": """"6"""""," """"@nom"""": """"Samedi"""""," """"@ferme"""": """"""""}"," {""""@id"""": """"7"""""," """"@nom"""": """"Dimanche"""""," """"@ferme"""": """"""""}]}"";49.91", 1.077;2026-06-03T08:10:36+00:00;1.97;;;2026-04-17T12:11:04+00:00;0.829;2026-04-27T08:23:25+00:00;1.019;2026-06-04T09:08:49+00:00;1.915;2026-06-06T08:07:20+00:00;2.049;;;;;2023-03-16T10:04:14+00:00;temporaire;;;;;;;Gazole,E85,GPLc,E10,SP98;SP95;SP95;;Oui;Toilettes publiques,Relais colis,Boutique alimentaire,Boutique non alimentaire,Restauration à emporter,Restauration sur place,Bar,Vente de fioul domestique,Station de gonflage,Lavage automatique,Lavage manuel,Services réparation / entretien,Vente de gaz domestique (Butane, Propane),Automate CB 24/24,DAB (Distributeur automatique de billets);Seine-Maritime;76;Normandie;28;Automate-24-24
"52540001;5050300;250800;62540;R;RUE PASTEUR;Marles-les-Mines;""{""""service"""": [""""Toilettes publiques"""""," """"Relais colis"""""," """"Vente de pétrole lampant"""""," """"Location de véhicule"""""," """"Vente de gaz domestique (Butane"," Propane)"""""," """"Automate CB 24/24"""""," """"DAB (Distributeur automatique de billets)""""]}"";""[{""""@nom"""": """"Gazole"""""," """"@id"""": """"1"""""," """"@maj"""": """"2026-06-05 07:26:54"""""," """"@valeur"""": """"1.999""""}"," {""""@nom"""": """"E10"""""," """"@id"""": """"5"""""," """"@maj"""": """"2026-06-01 09:42:07"""""," """"@valeur"""": """"1.919""""}"," {""""@nom"""": """"SP98"""""," """"@id"""": """"6"""""," """"@maj"""": """"2026-06-01 09:42:08"""""," """"@valeur"""": """"2.029""""}]"";""[{""""@nom"""": """"GPLc"""""," """"@id"""": """"4"""""," """"@debut"""": """"2017-09-16 12:20:17"""""," """"@fin"""": """""""""," """"@type"""": """"definitive""""}"," {""""@nom"""": """"SP95"""""," """"@id"""": """"2"""""," """"@debut"""": """"2017-10-02 10:22:22"""""," """"@fin"""": """""""""," """"@type"""": """"definitive""""}"," {""""@nom"""": """"E85"""""," """"@id"""": """"3"""""," """"@debut"""": """"2023-07-01 09:02:18"""""," """"@fin"""": """""""""," """"@type"""": """"definitive""""}]"";""{""""@automate-24-24"""": """"1"""""," """"jour"""": [{""""@id"""": """"1"""""," """"@nom"""": """"Lundi"""""," """"@ferme"""": """"1"""""," """"horaire"""": {""""@ouverture"""": """"01.00"""""," """"@fermeture"""": """"01.00""""}}"," {""""@id"""": """"2"""""," """"@nom"""": """"Mardi"""""," """"@ferme"""": """"1"""""," """"horaire"""": {""""@ouverture"""": """"01.00"""""," """"@fermeture"""": """"01.00""""}}"," {""""@id"""": """"3"""""," """"@nom"""": """"Mercredi"""""," """"@ferme"""": """"1"""""," """"horaire"""": {""""@ouverture"""": """"01.00"""""," """"@fermeture"""": """"01.00""""}}"," {""""@id"""": """"4"""""," """"@nom"""": """"Jeudi"""""," """"@ferme"""": """"1"""""," """"horaire"""": {""""@ouverture"""": """"01.00"""""," """"@fermeture"""": """"01.00""""}}"," {""""@id"""": """"5"""""," """"@nom"""": """"Vendredi"""""," """"@ferme"""": """"1"""""," """"horaire"""": {""""@ouverture"""": """"01.00"""""," """"@fermeture"""": """"01.00""""}}"," {""""@id"""": """"6"""""," """"@nom"""": """"Samedi"""""," """"@ferme"""": """"1"""""," """"horaire"""": {""""@ouverture"""": """"01.00"""""," """"@fermeture"""": """"01.00""""}}"," {""""@id"""": """"7"""""," """"@nom"""": """"Dimanche"""""," """"@ferme"""": """"1"""""," """"horaire"""": {""""@ouverture"""": """"01.00"""""," """"@fermeture"""": """"01.00""""}}]}"";50.503", 2.508;2026-06-05T07:26:54+00:00;1.999;;;;;;;2026-06-01T09:42:07+00:00;1.919;2026-06-01T09:42:08+00:00;2.029;;;;;2017-10-02T10:22:22+00:00;definitive;2023-07-01T09:02:18+00:00;definitive;2017-09-16T12:20:17+00:00;definitive;;;Gazole,E10,SP98;SP95,E85,"GPLc;;""SP95;E85;GPLc"";Oui;Toilettes publiques",Relais colis,Vente de pétrole lampant,Location de véhicule,Vente de gaz domestique (Butane, Propane),Automate CB 24/24,DAB (Distributeur automatique de billets);Pas-de-Calais;62;Hauts-de-France;32;Automate-24-24, Lundi01.00-01.00, Mardi01.00-01.00, Mercredi01.00-01.00, Jeudi01.00-01.00, Vendredi01.00-01.00, Samedi01.00-01.00, Dimanche01.00-01.00
"22120005;4842200;-265600;22120;R;Rue de l'Argentaie;Quessoy;""{""""service"""": [""""Laverie"""""," """"Relais colis"""""," """"Station de gonflage"""""," """"Lavage manuel"""""," """"Vente de gaz domestique (Butane"," Propane)"""""," """"Automate CB 24/24"""""," """"DAB (Distributeur automatique de billets)""""]}"";""[{""""@nom"""": """"Gazole"""""," """"@id"""": """"1"""""," """"@maj"""": """"2026-06-05 06:30:43"""""," """"@valeur"""": """"1.979""""}"," {""""@nom"""": """"E10"""""," """"@id"""": """"5"""""," """"@maj"""": """"2026-06-05 06:30:43"""""," """"@valeur"""": """"1.937""""}"," {""""@nom"""": """"SP98"""""," """"@id"""": """"6"""""," """"@maj"""": """"2026-06-03 13:59:45"""""," """"@valeur"""": """"2.034""""}]"";""[{""""@nom"""": """"E85"""""," """"@id"""": """"3"""""," """"@debut"""": """"2017-11-20 19:42:19"""""," """"@fin"""": """""""""," """"@type"""": """"definitive""""}"," {""""@nom"""": """"GPLc"""""," """"@id"""": """"4"""""," """"@debut"""": """"2017-11-20 19:42:19"""""," """"@fin"""": """""""""," """"@type"""": """"definitive""""}"," {""""@nom"""": """"SP95"""""," """"@id"""": """"2"""""," """"@debut"""": """"2018-07-07 09:58:11"""""," """"@fin"""": """""""""," """"@type"""": """"definitive""""}]"";""{""""@automate-24-24"""": """"1"""""," """"jour"""": [{""""@id"""": """"1"""""," """"@nom"""": """"Lundi"""""," """"@ferme"""": """""""""," """"horaire"""": {""""@ouverture"""": """"00.00"""""," """"@fermeture"""": """"01.00""""}}"," {""""@id"""": """"2"""""," """"@nom"""": """"Mardi"""""," """"@ferme"""": """"1"""""," """"horaire"""": {""""@ouverture"""": """"01.00"""""," """"@fermeture"""": """"01.00""""}}"," {""""@id"""": """"3"""""," """"@nom"""": """"Mercredi"""""," """"@ferme"""": """"1"""""," """"horaire"""": {""""@ouverture"""": """"01.00"""""," """"@fermeture"""": """"01.00""""}}"," {""""@id"""": """"4"""""," """"@nom"""": """"Jeudi"""""," """"@ferme"""": """"1"""""," """"horaire"""": {""""@ouverture"""": """"01.00"""""," """"@fermeture"""": """"01.00""""}}"," {""""@id"""": """"5"""""," """"@nom"""": """"Vendredi"""""," """"@ferme"""": """"1"""""," """"horaire"""": {""""@ouverture"""": """"01.00"""""," """"@fermeture"""": """"01.00""""}}"," {""""@id"""": """"6"""""," """"@nom"""": """"Samedi"""""," """"@ferme"""": """"1"""""," """"horaire"""": {""""@ouverture"""": """"01.00"""""," """"@fermeture"""": """"01.00""""}}"," {""""@id"""": """"7"""""," """"@nom"""": """"Dimanche"""""," """"@ferme"""": """"1"""""," """"horaire"""": {""""@ouverture"""": """"01.00"""""," """"@fermeture"""": """"01.00""""}}]}"";48.422", -2.656;2026-06-05T06:30:43+00:00;1.979;;;;;;;2026-06-05T06:30:43+00:00;1.937;2026-06-03T13:59:45+00:00;2.034;;;;;2018-07-07T09:58:11+00:00;definitive;2017-11-20T19:42:19+00:00;definitive;2017-11-20T19:42:19+00:00;definitive;;;Gazole,E10,SP98;SP95,E85,"GPLc;;""SP95;E85;GPLc"";Oui;Laverie",Relais colis,Station de gonflage,Lavage manuel,Vente de gaz domestique (Butane, Propane),Automate CB 24/24,DAB (Distributeur automatique de billets);Côtes-d'Armor;22;Bretagne;53;Automate-24-24, Lundi00.00-01.00, Mardi01.00-01.00, Mercredi01.00-01.00, Jeudi01.00-01.00, Vendredi01.00-01.00, Samedi01.00-01.00, Dimanche01.00-01.00
"1630005;4625355.0323499;602703.33349454;01630;R;50 Rue de la Faucille;Saint-Genis-Pouilly;;""[{""""@nom"""": """"Gazole"""""," """"@id"""": """"1"""""," """"@maj"""": """"2026-06-03 00:00:00"""""," """"@valeur"""": """"2.029""""}"," {""""@nom"""": """"E85"""""," """"@id"""": """"3"""""," """"@maj"""": """"2026-06-03 00:00:00"""""," """"@valeur"""": """"0.799""""}"," {""""@nom"""": """"E10"""""," """"@id"""": """"5"""""," """"@maj"""": """"2026-06-03 00:00:00"""""," """"@valeur"""": """"2.019""""}"," {""""@nom"""": """"SP98"""""," """"@id"""": """"6"""""," """"@maj"""": """"2026-06-03 00:00:00"""""," """"@valeur"""": """"2.079""""}]"";""[{""""@nom"""": """"SP95"""""," """"@id"""": """"2"""""," """"@debut"""": """"2024-01-05 09:15:08"""""," """"@fin"""": """""""""," """"@type"""": """"definitive""""}"," {""""@nom"""": """"GPLc"""""," """"@id"""": """"4"""""," """"@debut"""": """"2024-01-05 09:15:11"""""," """"@fin"""": """""""""," """"@type"""": """"definitive""""}]"";""{""""@automate-24-24"""": """""""""," """"jour"""": [{""""@id"""": """"1"""""," """"@nom"""": """"Lundi"""""," """"@ferme"""": """"""""}"," {""""@id"""": """"2"""""," """"@nom"""": """"Mardi"""""," """"@ferme"""": """"""""}"," {""""@id"""": """"3"""""," """"@nom"""": """"Mercredi"""""," """"@ferme"""": """"""""}"," {""""@id"""": """"4"""""," """"@nom"""": """"Jeudi"""""," """"@ferme"""": """"""""}"," {""""@id"""": """"5"""""," """"@nom"""": """"Vendredi"""""," """"@ferme"""": """"""""}"," {""""@id"""": """"6"""""," """"@nom"""": """"Samedi"""""," """"@ferme"""": """"""""}"," {""""@id"""": """"7"""""," """"@nom"""": """"Dimanche"""""," """"@ferme"""": """"""""}]}"";46.253550323499006", 6.0270333349454;2026-06-03T00:00:00+00:00;2.029;;;2026-06-03T00:00:00+00:00;0.799;;;2026-06-03T00:00:00+00:00;2.019;2026-06-03T00:00:00+00:00;2.079;;;;;2024-01-05T09:15:08+00:00;definitive;;;2024-01-05T09:15:11+00:00;definitive;;;Gazole,E85,E10,SP98;SP95,"GPLc;;""SP95;GPLc"";Non;;Ain;01;Auvergne-Rhône-Alpes;84;"
"15700001;4513300;222000;15700;R;29 Avenue des Estourocs;Pleaux;""{""""service"""": [""""Boutique non alimentaire"""""," """"DAB (Distributeur automatique de billets)""""]}"";""[{""""@nom"""": """"Gazole"""""," """"@id"""": """"1"""""," """"@maj"""": """"2026-05-29 17:22:03"""""," """"@valeur"""": """"2.180""""}"," {""""@nom"""": """"E10"""""," """"@id"""": """"5"""""," """"@maj"""": """"2026-05-29 17:22:04"""""," """"@valeur"""": """"2.170""""}"," {""""@nom"""": """"SP98"""""," """"@id"""": """"6"""""," """"@maj"""": """"2026-05-29 17:22:04"""""," """"@valeur"""": """"2.270""""}]"";""[{""""@nom"""": """"E85"""""," """"@id"""": """"3"""""," """"@debut"""": """"2018-01-03 15:06:35"""""," """"@fin"""": """""""""," """"@type"""": """"definitive""""}"," {""""@nom"""": """"GPLc"""""," """"@id"""": """"4"""""," """"@debut"""": """"2018-01-03 15:06:35"""""," """"@fin"""": """""""""," """"@type"""": """"definitive""""}"," {""""@nom"""": """"SP95"""""," """"@id"""": """"2"""""," """"@debut"""": """"2019-11-18 19:09:09"""""," """"@fin"""": """""""""," """"@type"""": """"definitive""""}]"";;45.133", 2.22;2026-05-29T17:22:03+00:00;2.18;;;;;;;2026-05-29T17:22:04+00:00;2.17;2026-05-29T17:22:04+00:00;2.27;;;;;2019-11-18T19:09:09+00:00;definitive;2018-01-03T15:06:35+00:00;definitive;2018-01-03T15:06:35+00:00;definitive;;;Gazole,E10,SP98;SP95,E85,"GPLc;;""SP95;E85;GPLc"";Non;Boutique non alimentaire",DAB (Distributeur automatique de billets);Cantal;15;Auvergne-Rhône-Alpes;84;
"44270001;4699900;-181700;44270;R;Boulevard des Prises;Machecoul-Saint-Même;""{""""service"""": [""""Toilettes publiques"""""," """"Laverie"""""," """"Relais colis"""""," """"Restauration à emporter"""""," """"Vente de gaz domestique (Butane"," Propane)"""""," """"Bornes électriques"""""," """"Vente d'additifs carburants"""""," """"Wifi"""""," """"Automate CB 24/24"""""," """"DAB (Distributeur automatique de billets)""""]}"";""[{""""@nom"""": """"Gazole"""""," """"@id"""": """"1"""""," """"@maj"""": """"2026-06-06 11:52:00"""""," """"@valeur"""": """"1.979""""}"," {""""@nom"""": """"SP95"""""," """"@id"""": """"2"""""," """"@maj"""": """"2026-06-04 08:36:55"""""," """"@valeur"""": """"1.959""""}"," {""""@nom"""": """"E85"""""," """"@id"""": """"3"""""," """"@maj"""": """"2026-06-04 08:36:55"""""," """"@valeur"""": """"0.769""""}"," {""""@nom"""": """"SP98"""""," """"@id"""": """"6"""""," """"@maj"""": """"2026-06-04 08:36:55"""""," """"@valeur"""": """"1.999""""}]"";""[{""""@nom"""": """"GPLc"""""," """"@id"""": """"4"""""," """"@debut"""": """"2017-09-01 07:00:50"""""," """"@fin"""": """""""""," """"@type"""": """"definitive""""}"," {""""@nom"""": """"E10"""""," """"@id"""": """"5"""""," """"@debut"""": """"2017-09-01 07:00:51"""""," """"@fin"""": """""""""," """"@type"""": """"definitive""""}]"";""{""""@automate-24-24"""": """"1"""""," """"jour"""": [{""""@id"""": """"1"""""," """"@nom"""": """"Lundi"""""," """"@ferme"""": """"""""}"," {""""@id"""": """"2"""""," """"@nom"""": """"Mardi"""""," """"@ferme"""": """"""""}"," {""""@id"""": """"3"""""," """"@nom"""": """"Mercredi"""""," """"@ferme"""": """"""""}"," {""""@id"""": """"4"""""," """"@nom"""": """"Jeudi"""""," """"@ferme"""": """"""""}"," {""""@id"""": """"5"""""," """"@nom"""": """"Vendredi"""""," """"@ferme"""": """"""""}"," {""""@id"""": """"6"""""," """"@nom"""": """"Samedi"""""," """"@ferme"""": """"""""}"," {""""@id"""": """"7"""""," """"@nom"""": """"Dimanche"""""," """"@ferme"""": """"""""}]}"";46.999", -1.817;2026-06-06T11:52:00+00:00;1.979;2026-06-04T08:36:55+00:00;1.959;2026-06-04T08:36:55+00:00;0.769;;;;;2026-06-04T08:36:55+00:00;1.999;2017-09-01T07:00:51+00:00;definitive;;;;;;;2017-09-01T07:00:50+00:00;definitive;;;Gazole,SP95,E85,SP98;GPLc,"E10;;""GPLc;E10"";Oui;Toilettes publiques",Laverie,Relais colis,Restauration à emporter,Vente de gaz domestique (Butane, Propane),Bornes électriques,Vente d'additifs carburants,Wifi,Automate CB 24/24,DAB (Distributeur automatique de billets);Loire-Atlantique;44;Pays de la Loire;52;Automate-24-24
"31450004;4350652.71232;155587.32658;31450;R;ZA DE LA BALME;Belberaud;""{""""service"""": [""""Toilettes publiques"""""," """"Station de gonflage"""""," """"Piste poids lourds"""""," """"Lavage automatique"""""," """"DAB (Distributeur automatique de billets)""""]}"";""[{""""@nom"""": """"Gazole"""""," """"@id"""": """"1"""""," """"@maj"""": """"2026-06-06 12:08:48"""""," """"@valeur"""": """"1.948""""}"," {""""@nom"""": """"E85"""""," """"@id"""": """"3"""""," """"@maj"""": """"2026-04-23 12:26:58"""""," """"@valeur"""": """"0.798""""}"," {""""@nom"""": """"E10"""""," """"@id"""": """"5"""""," """"@maj"""": """"2026-06-03 10:25:50"""""," """"@valeur"""": """"1.908""""}"," {""""@nom"""": """"SP98"""""," """"@id"""": """"6"""""," """"@maj"""": """"2026-06-01 09:20:32"""""," """"@valeur"""": """"2.039""""}]"";""[{""""@nom"""": """"GPLc"""""," """"@id"""": """"4"""""," """"@debut"""": """"2017-09-05 09:32:51"""""," """"@fin"""": """""""""," """"@type"""": """"definitive""""}"," {""""@nom"""": """"SP95"""""," """"@id"""": """"2"""""," """"@debut"""": """"2025-02-12 08:27:38"""""," """"@fin"""": """""""""," """"@type"""": """"definitive""""}]"";;43.5065271232", 1.5558732657999998;2026-06-06T12:08:48+00:00;1.948;;;2026-04-23T12:26:58+00:00;0.798;;;2026-06-03T10:25:50+00:00;1.908;2026-06-01T09:20:32+00:00;2.039;;;;;2025-02-12T08:27:38+00:00;definitive;;;2017-09-05T09:32:51+00:00;definitive;;;Gazole,E85,E10,SP98;SP95,"GPLc;;""SP95;GPLc"";Non;Toilettes publiques",Station de gonflage,Piste poids lourds,Lavage automatique,DAB (Distributeur automatique de billets);Haute-Garonne;31;Occitanie;76;
"63430004;4580100;324300;63430;R;Avenue Roger Prat;Pont-du-Château;""{""""service"""": [""""Laverie"""""," """"Boutique alimentaire"""""," """"Boutique non alimentaire"""""," """"Restauration à emporter"""""," """"Restauration sur place"""""," """"Station de gonflage"""""," """"Piste poids lourds"""""," """"Vente de gaz domestique (Butane"," Propane)"""""," """"Automate CB 24/24"""""," """"DAB (Distributeur automatique de billets)""""]}"";""[{""""@nom"""": """"Gazole"""""," """"@id"""": """"1"""""," """"@maj"""": """"2026-06-05 17:48:49"""""," """"@valeur"""": """"1.999""""}"," {""""@nom"""": """"SP95"""""," """"@id"""": """"2"""""," """"@maj"""": """"2026-06-05 17:48:49"""""," """"@valeur"""": """"1.987""""}"," {""""@nom"""": """"E10"""""," """"@id"""": """"5"""""," """"@maj"""": """"2026-06-05 17:48:49"""""," """"@valeur"""": """"1.929""""}]"";""[{""""@nom"""": """"E85"""""," """"@id"""": """"3"""""," """"@debut"""": """"2017-08-30 08:35:42"""""," """"@fin"""": """""""""," """"@type"""": """"definitive""""}"," {""""@nom"""": """"GPLc"""""," """"@id"""": """"4"""""," """"@debut"""": """"2017-08-30 08:35:42"""""," """"@fin"""": """""""""," """"@type"""": """"definitive""""}"," {""""@nom"""": """"SP98"""""," """"@id"""": """"6"""""," """"@debut"""": """"2017-08-30 08:35:42"""""," """"@fin"""": """""""""," """"@type"""": """"definitive""""}]"";""{""""@automate-24-24"""": """"1"""""," """"jour"""": [{""""@id"""": """"1"""""," """"@nom"""": """"Lundi"""""," """"@ferme"""": """""""""," """"horaire"""": {""""@ouverture"""": """"00.00"""""," """"@fermeture"""": """"23.59""""}}"," {""""@id"""": """"2"""""," """"@nom"""": """"Mardi"""""," """"@ferme"""": """""""""," """"horaire"""": {""""@ouverture"""": """"00.00"""""," """"@fermeture"""": """"23.59""""}}"," {""""@id"""": """"3"""""," """"@nom"""": """"Mercredi"""""," """"@ferme"""": """""""""," """"horaire"""": {""""@ouverture"""": """"00.00"""""," """"@fermeture"""": """"23.59""""}}"," {""""@id"""": """"4"""""," """"@nom"""": """"Jeudi"""""," """"@ferme"""": """""""""," """"horaire"""": {""""@ouverture"""": """"00.00"""""," """"@fermeture"""": """"23.59""""}}"," {""""@id"""": """"5"""""," """"@nom"""": """"Vendredi"""""," """"@ferme"""": """""""""," """"horaire"""": {""""@ouverture"""": """"00.00"""""," """"@fermeture"""": """"23.59""""}}"," {""""@id"""": """"6"""""," """"@nom"""": """"Samedi"""""," """"@ferme"""": """""""""," """"horaire"""": {""""@ouverture"""": """"00.00"""""," """"@fermeture"""": """"23.59""""}}"," {""""@id"""": """"7"""""," """"@nom"""": """"Dimanche"""""," """"@ferme"""": """"1""""}]}"";45.801", 3.243;2026-06-05T17:48:49+00:00;1.999;2026-06-05T17:48:49+00:00;1.987;;;;;2026-06-05T17:48:49+00:00;1.929;;;;;2017-08-30T08:35:42+00:00;definitive;;;2017-08-30T08:35:42+00:00;definitive;2017-08-30T08:35:42+00:00;definitive;;;Gazole,SP95,E10;E85,GPLc,"SP98;;""E85;GPLc;SP98"";Oui;Laverie",Boutique alimentaire,Boutique non alimentaire,Restauration à emporter,Restauration sur place,Station de gonflage,Piste poids lourds,Vente de gaz domestique (Butane, Propane),Automate CB 24/24,DAB (Distributeur automatique de billets);Puy-de-Dôme;63;Auvergne-Rhône-Alpes;84;Automate-24-24, Lundi00.00-23.59, Mardi00.00-23.59, Mercredi00.00-23.59, Jeudi00.00-23.59, Vendredi00.00-23.59, Samedi00.00-23.59, Dimanche
"73024001;4558900;589000;73000;R;1327 Avenue de la Houille Blanche;Chambéry;""{""""service"""": [""""Carburant additivé"""""," """"Piste poids lourds"""""," """"Vente de gaz domestique (Butane"," Propane)"""""," """"Automate CB 24/24""""]}"";""[{""""@nom"""": """"Gazole"""""," """"@id"""": """"1"""""," """"@maj"""": """"2026-06-04 15:34:33"""""," """"@valeur"""": """"2.116""""}"," {""""@nom"""": """"SP95"""""," """"@id"""": """"2"""""," """"@maj"""": """"2026-06-04 15:34:33"""""," """"@valeur"""": """"2.149""""}]"";""[{""""@nom"""": """"E10"""""," """"@id"""": """"5"""""," """"@debut"""": """"2021-08-11 08:06:25"""""," """"@fin"""": """""""""," """"@type"""": """"definitive""""}"," {""""@nom"""": """"GPLc"""""," """"@id"""": """"4"""""," """"@debut"""": """"2023-09-05 09:27:37"""""," """"@fin"""": """""""""," """"@type"""": """"temporaire""""}"," {""""@nom"""": """"E85"""""," """"@id"""": """"3"""""," """"@debut"""": """"2026-03-04 08:08:07"""""," """"@fin"""": """""""""," """"@type"""": """"temporaire""""}"," {""""@nom"""": """"SP98"""""," """"@id"""": """"6"""""," """"@debut"""": """"2026-03-04 08:08:07"""""," """"@fin"""": """""""""," """"@type"""": """"temporaire""""}]"";""{""""@automate-24-24"""": """"1"""""," """"jour"""": [{""""@id"""": """"1"""""," """"@nom"""": """"Lundi"""""," """"@ferme"""": """"""""}"," {""""@id"""": """"2"""""," """"@nom"""": """"Mardi"""""," """"@ferme"""": """"""""}"," {""""@id"""": """"3"""""," """"@nom"""": """"Mercredi"""""," """"@ferme"""": """"""""}"," {""""@id"""": """"4"""""," """"@nom"""": """"Jeudi"""""," """"@ferme"""": """"""""}"," {""""@id"""": """"5"""""," """"@nom"""": """"Vendredi"""""," """"@ferme"""": """"""""}"," {""""@id"""": """"6"""""," """"@nom"""": """"Samedi"""""," """"@ferme"""": """"""""}"," {""""@id"""": """"7"""""," """"@nom"""": """"Dimanche"""""," """"@ferme"""": """"""""}]}"";45.589", 5.89;2026-06-04T15:34:33+00:00;2.116;2026-06-04T15:34:33+00:00;2.149;;;;;;;;;2021-08-11T08:06:25+00:00;definitive;2026-03-04T08:08:07+00:00;temporaire;;;2026-03-04T08:08:07+00:00;temporaire;2023-09-05T09:27:37+00:00;temporaire;;;Gazole,SP95;E85,GPLc,E10,"SP98;""E85;GPLc;SP98"";E10;Oui;Carburant additivé",Piste poids lourds,Vente de gaz domestique (Butane, Propane),Automate CB 24/24;Savoie;73;Auvergne-Rhône-Alpes;84;Automate-24-24
"17470001;4602900;-35100;17470;R;Route de Poitiers;Aulnay;""{""""service"""": [""""Toilettes publiques"""""," """"Laverie"""""," """"Station de gonflage"""""," """"Piste poids lourds"""""," """"Lavage automatique"""""," """"Lavage manuel"""""," """"Vente de gaz domestique (Butane"," Propane)"""""," """"Wifi"""""," """"Automate CB 24/24""""]}"";""[{""""@nom"""": """"Gazole"""""," """"@id"""": """"1"""""," """"@maj"""": """"2026-06-06 09:00:00"""""," """"@valeur"""": """"1.999""""}"," {""""@nom"""": """"E10"""""," """"@id"""": """"5"""""," """"@maj"""": """"2026-06-06 09:00:00"""""," """"@valeur"""": """"1.910""""}"," {""""@nom"""": """"SP98"""""," """"@id"""": """"6"""""," """"@maj"""": """"2026-06-06 09:00:00"""""," """"@valeur"""": """"2.023""""}]"";""[{""""@nom"""": """"E85"""""," """"@id"""": """"3"""""," """"@debut"""": """"2017-09-10 07:05:15"""""," """"@fin"""": """""""""," """"@type"""": """"definitive""""}"," {""""@nom"""": """"GPLc"""""," """"@id"""": """"4"""""," """"@debut"""": """"2017-09-10 07:05:16"""""," """"@fin"""": """""""""," """"@type"""": """"definitive""""}"," {""""@nom"""": """"SP95"""""," """"@id"""": """"2"""""," """"@debut"""": """"2017-10-28 14:20:01"""""," """"@fin"""": """""""""," """"@type"""": """"definitive""""}]"";""{""""@automate-24-24"""": """"1"""""," """"jour"""": [{""""@id"""": """"1"""""," """"@nom"""": """"Lundi"""""," """"@ferme"""": """"""""}"," {""""@id"""": """"2"""""," """"@nom"""": """"Mardi"""""," """"@ferme"""": """"""""}"," {""""@id"""": """"3"""""," """"@nom"""": """"Mercredi"""""," """"@ferme"""": """"""""}"," {""""@id"""": """"4"""""," """"@nom"""": """"Jeudi"""""," """"@ferme"""": """"""""}"," {""""@id"""": """"5"""""," """"@nom"""": """"Vendredi"""""," """"@ferme"""": """"""""}"," {""""@id"""": """"6"""""," """"@nom"""": """"Samedi"""""," """"@ferme"""": """"""""}"," {""""@id"""": """"7"""""," """"@nom"""": """"Dimanche"""""," """"@ferme"""": """"""""}]}"";46.029", -0.351;2026-06-06T09:00:00+00:00;1.999;;;;;;;2026-06-06T09:00:00+00:00;1.91;2026-06-06T09:00:00+00:00;2.023;;;;;2017-10-28T14:20:01+00:00;definitive;2017-09-10T07:05:15+00:00;definitive;2017-09-10T07:05:16+00:00;definitive;;;Gazole,E10,SP98;SP95,E85,"GPLc;;""SP95;E85;GPLc"";Oui;Toilettes publiques",Laverie,Station de gonflage,Piste poids lourds,Lavage automatique,Lavage manuel,Vente de gaz domestique (Butane, Propane),Wifi,Automate CB 24/24;Charente-Maritime;17;Nouvelle-Aquitaine;75;Automate-24-24
"87280002;4591400;129300;87280;A;AUTOROUTE A 20;Limoges;""{""""service"""": [""""Toilettes publiques"""""," """"Douches"""""," """"Boutique alimentaire"""""," """"Restauration à emporter"""""," """"Restauration sur place"""""," """"Station de gonflage"""""," """"Carburant additivé"""""," """"Piste poids lourds"""""," """"Espace bébé""""]}"";""[{""""@nom"""": """"Gazole"""""," """"@id"""": """"1"""""," """"@maj"""": """"2026-06-04 11:39:00"""""," """"@valeur"""": """"2.140""""}"," {""""@nom"""": """"E10"""""," """"@id"""": """"5"""""," """"@maj"""": """"2026-06-04 11:39:00"""""," """"@valeur"""": """"2.119""""}"," {""""@nom"""": """"SP98"""""," """"@id"""": """"6"""""," """"@maj"""": """"2026-06-04 11:39:00"""""," """"@valeur"""": """"2.198""""}]"";""[{""""@nom"""": """"SP95"""""," """"@id"""": """"2"""""," """"@debut"""": """"2010-02-10 10:16:00"""""," """"@fin"""": """""""""," """"@type"""": """"""""}"," {""""@nom"""": """"GPLc"""""," """"@id"""": """"4"""""," """"@debut"""": """"2026-03-11 12:15:37"""""," """"@fin"""": """""""""," """"@type"""": """"temporaire""""}]"";""{""""@automate-24-24"""": """""""""," """"jour"""": [{""""@id"""": """"1"""""," """"@nom"""": """"Lundi"""""," """"@ferme"""": """"""""}"," {""""@id"""": """"2"""""," """"@nom"""": """"Mardi"""""," """"@ferme"""": """"""""}"," {""""@id"""": """"3"""""," """"@nom"""": """"Mercredi"""""," """"@ferme"""": """"""""}"," {""""@id"""": """"4"""""," """"@nom"""": """"Jeudi"""""," """"@ferme"""": """"""""}"," {""""@id"""": """"5"""""," """"@nom"""": """"Vendredi"""""," """"@ferme"""": """"""""}"," {""""@id"""": """"6"""""," """"@nom"""": """"Samedi"""""," """"@ferme"""": """"""""}"," {""""@id"""": """"7"""""," """"@nom"""": """"Dimanche"""""," """"@ferme"""": """"""""}]}"";45.914", 1.293;2026-06-04T11:39:00+00:00;2.14;;;;;;;2026-06-04T11:39:00+00:00;2.119;2026-06-04T11:39:00+00:00;2.198;;;;;;;;;2026-03-11T12:15:37+00:00;temporaire;;;Gazole,E10,SP98;SP95,E85,GPLc;GPLc;;Non;Toilettes publiques,Douches,Boutique alimentaire,Restauration à emporter,Restauration sur place,Station de gonflage,Carburant additivé,Piste poids lourds,Espace bébé;Haute-Vienne;87;Nouvelle-Aquitaine;75;
"11400002;4331300;196500;11400;R;88 Avenue Monseigneur de Langle;Castelnaudary;""{""""service"""": [""""Toilettes publiques"""""," """"Boutique alimentaire"""""," """"Boutique non alimentaire"""""," """"Vente de pétrole lampant"""""," """"Station de gonflage"""""," """"Piste poids lourds"""""," """"Lavage automatique"""""," """"Vente de gaz domestique (Butane"," Propane)""""]}"";""[{""""@nom"""": """"Gazole"""""," """"@id"""": """"1"""""," """"@maj"""": """"2026-06-05 14:00:00"""""," """"@valeur"""": """"2.069""""}"," {""""@nom"""": """"E85"""""," """"@id"""": """"3"""""," """"@maj"""": """"2026-06-05 14:00:00"""""," """"@valeur"""": """"0.839""""}"," {""""@nom"""": """"E10"""""," """"@id"""": """"5"""""," """"@maj"""": """"2026-06-05 14:00:00"""""," """"@valeur"""": """"2.059""""}"," {""""@nom"""": """"SP98"""""," """"@id"""": """"6"""""," """"@maj"""": """"2026-06-05 14:00:00"""""," """"@valeur"""": """"2.119""""}]"";""[{""""@nom"""": """"GPLc"""""," """"@id"""": """"4"""""," """"@debut"""": """"2017-09-08 09:50:36"""""," """"@fin"""": """""""""," """"@type"""": """"definitive""""}"," {""""@nom"""": """"SP95"""""," """"@id"""": """"2"""""," """"@debut"""": """"2023-12-05 15:14:29"""""," """"@fin"""": """""""""," """"@type"""": """"definitive""""}]"";""{""""@automate-24-24"""": """""""""," """"jour"""": [{""""@id"""": """"1"""""," """"@nom"""": """"Lundi"""""," """"@ferme"""": """""""""," """"horaire"""": {""""@ouverture"""": """"07.00"""""," """"@fermeture"""": """"21.00""""}}"," {""""@id"""": """"2"""""," """"@nom"""": """"Mardi"""""," """"@ferme"""": """""""""," """"horaire"""": {""""@ouverture"""": """"07.00"""""," """"@fermeture"""": """"21.00""""}}"," {""""@id"""": """"3"""""," """"@nom"""": """"Mercredi"""""," """"@ferme"""": """""""""," """"horaire"""": {""""@ouverture"""": """"07.00"""""," """"@fermeture"""": """"21.00""""}}"," {""""@id"""": """"4"""""," """"@nom"""": """"Jeudi"""""," """"@ferme"""": """""""""," """"horaire"""": {""""@ouverture"""": """"07.00"""""," """"@fermeture"""": """"21.00""""}}"," {""""@id"""": """"5"""""," """"@nom"""": """"Vendredi"""""," """"@ferme"""": """""""""," """"horaire"""": {""""@ouverture"""": """"07.00"""""," """"@fermeture"""": """"21.00""""}}"," {""""@id"""": """"6"""""," """"@nom"""": """"Samedi"""""," """"@ferme"""": """""""""," """"horaire"""": {""""@ouverture"""": """"07.00"""""," """"@fermeture"""": """"21.00""""}}"," {""""@id"""": """"7"""""," """"@nom"""": """"Dimanche"""""," """"@ferme"""": """""""""," """"horaire"""": {""""@ouverture"""": """"07.00"""""," """"@fermeture"""": """"21.00""""}}]}"";43.313", 1.965;2026-06-05T14:00:00+00:00;2.069;;;2026-06-05T14:00:00+00:00;0.839;;;2026-06-05T14:00:00+00:00;2.059;2026-06-05T14:00:00+00:00;2.119;;;;;2023-12-05T15:14:29+00:00;definitive;;;2017-09-08T09:50:36+00:00;definitive;;;Gazole,E85,E10,SP98;SP95,"GPLc;;""SP95;GPLc"";Non;Toilettes publiques",Boutique alimentaire,Boutique non alimentaire,Vente de pétrole lampant,Station de gonflage,Piste poids lourds,Lavage automatique,Vente de gaz domestique (Butane, Propane);Aude;11;Occitanie;76;Lundi07.00-21.00, Mardi07.00-21.00, Mercredi07.00-21.00, Jeudi07.00-21.00, Vendredi07.00-21.00, Samedi07.00-21.00, Dimanche07.00-21.00
"83720001;4350847.7194755;647924.27374907;83720;R;RN 555;Trans-en-Provence;""{""""service"""": [""""Toilettes publiques"""""," """"Boutique alimentaire"""""," """"Boutique non alimentaire"""""," """"Restauration à emporter"""""," """"Restauration sur place"""""," """"Bar"""""," """"Vente de pétrole lampant"""""," """"Carburant additivé"""""," """"Vente de gaz domestique (Butane"," Propane)"""""," """"DAB (Distributeur automatique de billets)""""]}"";""[{""""@nom"""": """"Gazole"""""," """"@id"""": """"1"""""," """"@maj"""": """"2026-06-05 10:12:02"""""," """"@valeur"""": """"1.998""""}"," {""""@nom"""": """"SP95"""""," """"@id"""": """"2"""""," """"@maj"""": """"2026-06-05 10:12:02"""""," """"@valeur"""": """"1.969""""}"," {""""@nom"""": """"E85"""""," """"@id"""": """"3"""""," """"@maj"""": """"2026-06-05 10:12:02"""""," """"@valeur"""": """"0.859""""}"," {""""@nom"""": """"E10"""""," """"@id"""": """"5"""""," """"@maj"""": """"2026-06-05 10:12:02"""""," """"@valeur"""": """"1.930""""}"," {""""@nom"""": """"SP98"""""," """"@id"""": """"6"""""," """"@maj"""": """"2026-06-05 10:12:02"""""," """"@valeur"""": """"1.999""""}]"";""{""""@nom"""": """"GPLc"""""," """"@id"""": """"4"""""," """"@debut"""": """"2017-08-30 09:47:23"""""," """"@fin"""": """""""""," """"@type"""": """"definitive""""}"";""{""""@automate-24-24"""": """""""""," """"jour"""": [{""""@id"""": """"1"""""," """"@nom"""": """"Lundi"""""," """"@ferme"""": """"""""}"," {""""@id"""": """"2"""""," """"@nom"""": """"Mardi"""""," """"@ferme"""": """"""""}"," {""""@id"""": """"3"""""," """"@nom"""": """"Mercredi"""""," """"@ferme"""": """"""""}"," {""""@id"""": """"4"""""," """"@nom"""": """"Jeudi"""""," """"@ferme"""": """"""""}"," {""""@id"""": """"5"""""," """"@nom"""": """"Vendredi"""""," """"@ferme"""": """"""""}"," {""""@id"""": """"6"""""," """"@nom"""": """"Samedi"""""," """"@ferme"""": """"""""}"," {""""@id"""": """"7"""""," """"@nom"""": """"Dimanche"""""," """"@ferme"""": """"""""}]}"";43.508477194755", 6.4792427374907;2026-06-05T10:12:02+00:00;1.998;2026-06-05T10:12:02+00:00;1.969;2026-06-05T10:12:02+00:00;0.859;;;2026-06-05T10:12:02+00:00;1.93;2026-06-05T10:12:02+00:00;1.999;;;;;;;;;2017-08-30T09:47:23+00:00;definitive;;;Gazole,SP95,E85,E10,SP98;GPLc;;GPLc;Non;Toilettes publiques,Boutique alimentaire,Boutique non alimentaire,Restauration à emporter,Restauration sur place,Bar,Vente de pétrole lampant,Carburant additivé,Vente de gaz domestique (Butane, Propane),DAB (Distributeur automatique de billets);Var;83;Provence-Alpes-Côte d'Azur;93;
"91590009;4850700;237442;91590;R;RN191 - ROUTE DE CORBEIL;Baulne;""{""""service"""": [""""Boutique alimentaire"""""," """"Station de gonflage"""""," """"Lavage manuel"""""," """"Vente de gaz domestique (Butane"," Propane)"""""," """"DAB (Distributeur automatique de billets)""""]}"";""[{""""@nom"""": """"Gazole"""""," """"@id"""": """"1"""""," """"@maj"""": """"2026-06-07 00:01:00"""""," """"@valeur"""": """"1.967""""}"," {""""@nom"""": """"E85"""""," """"@id"""": """"3"""""," """"@maj"""": """"2026-06-07 00:01:00"""""," """"@valeur"""": """"0.829""""}]"";""[{""""@nom"""": """"GPLc"""""," """"@id"""": """"4"""""," """"@debut"""": """"2025-09-09 06:41:17"""""," """"@fin"""": """""""""," """"@type"""": """"definitive""""}"," {""""@nom"""": """"SP95"""""," """"@id"""": """"2"""""," """"@debut"""": """"2026-02-26 16:13:52"""""," """"@fin"""": """""""""," """"@type"""": """"definitive""""}"," {""""@nom"""": """"SP98"""""," """"@id"""": """"6"""""," """"@debut"""": """"2026-06-07 10:34:53"""""," """"@fin"""": """""""""," """"@type"""": """"temporaire""""}"," {""""@nom"""": """"E10"""""," """"@id"""": """"5"""""," """"@debut"""": """"2026-06-07 16:53:42"""""," """"@fin"""": """""""""," """"@type"""": """"temporaire""""}]"";;48.507", 2.37442;2026-06-07T00:01:00+00:00;1.967;;;2026-06-07T00:01:00+00:00;0.829;;;;;;;2026-06-07T16:53:42+00:00;temporaire;2026-06-07T10:34:53+00:00;temporaire;2026-02-26T16:13:52+00:00;definitive;;;2025-09-09T06:41:17+00:00;definitive;;;Gazole,E85;SP95,GPLc,E10,"SP98;""E10;SP98"";""SP95;GPLc"";Non;Boutique alimentaire",Station de gonflage,Lavage manuel,Vente de gaz domestique (Butane, Propane),DAB (Distributeur automatique de billets);Essonne;91;Île-de-France;11;
"61430002;4880600;-50000;61430;R;la coquerie;Athis-Val de Rouvre;""{""""service"""": [""""Laverie"""""," """"Relais colis"""""," """"Boutique alimentaire"""""," """"Restauration à emporter"""""," """"Location de véhicule"""""," """"Vente de gaz domestique (Butane"," Propane)"""""," """"Automate CB 24/24""""]}"";""[{""""@nom"""": """"Gazole"""""," """"@id"""": """"1"""""," """"@maj"""": """"2026-06-02 14:17:24"""""," """"@valeur"""": """"1.959""""}"," {""""@nom"""": """"SP95"""""," """"@id"""": """"2"""""," """"@maj"""": """"2026-06-02 14:17:24"""""," """"@valeur"""": """"1.969""""}"," {""""@nom"""": """"SP98"""""," """"@id"""": """"6"""""," """"@maj"""": """"2026-06-02 14:17:24"""""," """"@valeur"""": """"2.049""""}]"";""[{""""@nom"""": """"GPLc"""""," """"@id"""": """"4"""""," """"@debut"""": """"2022-10-19 17:36:06"""""," """"@fin"""": """""""""," """"@type"""": """"definitive""""}"," {""""@nom"""": """"E10"""""," """"@id"""": """"5"""""," """"@debut"""": """"2022-10-19 17:36:06"""""," """"@fin"""": """""""""," """"@type"""": """"definitive""""}"," {""""@nom"""": """"E85"""""," """"@id"""": """"3"""""," """"@debut"""": """"2022-10-19 17:37:14"""""," """"@fin"""": """""""""," """"@type"""": """"definitive""""}]"";""{""""@automate-24-24"""": """"1"""""," """"jour"""": [{""""@id"""": """"1"""""," """"@nom"""": """"Lundi"""""," """"@ferme"""": """""""""," """"horaire"""": {""""@ouverture"""": """"00.00"""""," """"@fermeture"""": """"23.59""""}}"," {""""@id"""": """"2"""""," """"@nom"""": """"Mardi"""""," """"@ferme"""": """""""""," """"horaire"""": {""""@ouverture"""": """"00.00"""""," """"@fermeture"""": """"23.59""""}}"," {""""@id"""": """"3"""""," """"@nom"""": """"Mercredi"""""," """"@ferme"""": """""""""," """"horaire"""": {""""@ouverture"""": """"00.00"""""," """"@fermeture"""": """"23.59""""}}"," {""""@id"""": """"4"""""," """"@nom"""": """"Jeudi"""""," """"@ferme"""": """""""""," """"horaire"""": {""""@ouverture"""": """"00.00"""""," """"@fermeture"""": """"23.59""""}}"," {""""@id"""": """"5"""""," """"@nom"""": """"Vendredi"""""," """"@ferme"""": """""""""," """"horaire"""": {""""@ouverture"""": """"00.00"""""," """"@fermeture"""": """"23.59""""}}"," {""""@id"""": """"6"""""," """"@nom"""": """"Samedi"""""," """"@ferme"""": """""""""," """"horaire"""": {""""@ouverture"""": """"00.00"""""," """"@fermeture"""": """"23.59""""}}"," {""""@id"""": """"7"""""," """"@nom"""": """"Dimanche"""""," """"@ferme"""": """""""""," """"horaire"""": {""""@ouverture"""": """"00.00"""""," """"@fermeture"""": """"23.59""""}}]}"";48.806", -0.5;2026-06-02T14:17:24+00:00;1.959;2026-06-02T14:17:24+00:00;1.969;;;;;;;2026-06-02T14:17:24+00:00;2.049;2022-10-19T17:36:06+00:00;definitive;;;;;2022-10-19T17:37:14+00:00;definitive;2022-10-19T17:36:06+00:00;definitive;;;Gazole,SP95,SP98;E85,GPLc,"E10;;""E85;GPLc;E10"";Oui;Laverie",Relais colis,Boutique alimentaire,Restauration à emporter,Location de véhicule,Vente de gaz domestique (Butane, Propane),Automate CB 24/24;Orne;61;Normandie;28;Automate-24-24, Lundi00.00-23.59, Mardi00.00-23.59, Mercredi00.00-23.59, Jeudi00.00-23.59, Vendredi00.00-23.59, Samedi00.00-23.59, Dimanche00.00-23.59
"69380009;4589500;473200;69380;A;A6 Aire des Cheres Ouest;Les Chères;""{""""service"""": [""""Toilettes publiques"""""," """"Station de gonflage"""""," """"Carburant additivé"""""," """"Aire de camping-cars"""""," """"Piste poids lourds"""""," """"DAB (Distributeur automatique de billets)""""]}"";""[{""""@nom"""": """"Gazole"""""," """"@id"""": """"1"""""," """"@maj"""": """"2026-06-05 07:41:00"""""," """"@valeur"""": """"2.238""""}"," {""""@nom"""": """"E10"""""," """"@id"""": """"5"""""," """"@maj"""": """"2026-06-05 07:41:00"""""," """"@valeur"""": """"2.155""""}"," {""""@nom"""": """"SP98"""""," """"@id"""": """"6"""""," """"@maj"""": """"2026-06-05 07:41:00"""""," """"@valeur"""": """"2.271""""}]"";""[{""""@nom"""": """"SP95"""""," """"@id"""": """"2"""""," """"@debut"""": """"2016-03-02 00:00:00"""""," """"@fin"""": """""""""," """"@type"""": """"""""}"," {""""@nom"""": """"E85"""""," """"@id"""": """"3"""""," """"@debut"""": """"0216-03-02 00:00:00"""""," """"@fin"""": """""""""," """"@type"""": """"""""}"," {""""@nom"""": """"GPLc"""""," """"@id"""": """"4"""""," """"@debut"""": """"2016-03-02 00:00:00"""""," """"@fin"""": """""""""," """"@type"""": """"""""}]"";""{""""@automate-24-24"""": """""""""," """"jour"""": [{""""@id"""": """"1"""""," """"@nom"""": """"Lundi"""""," """"@ferme"""": """"""""}"," {""""@id"""": """"2"""""," """"@nom"""": """"Mardi"""""," """"@ferme"""": """"""""}"," {""""@id"""": """"3"""""," """"@nom"""": """"Mercredi"""""," """"@ferme"""": """"""""}"," {""""@id"""": """"4"""""," """"@nom"""": """"Jeudi"""""," """"@ferme"""": """"""""}"," {""""@id"""": """"5"""""," """"@nom"""": """"Vendredi"""""," """"@ferme"""": """"""""}"," {""""@id"""": """"6"""""," """"@nom"""": """"Samedi"""""," """"@ferme"""": """"""""}"," {""""@id"""": """"7"""""," """"@nom"""": """"Dimanche"""""," """"@ferme"""": """"""""}]}"";45.895", 4.732;2026-06-05T07:41:00+00:00;2.238;;;;;;;2026-06-05T07:41:00+00:00;2.155;2026-06-05T07:41:00+00:00;2.271;;;;;;;;;;;;;Gazole,E10,SP98;SP95,E85,GPLc;;;Non;Toilettes publiques,Station de gonflage,Carburant additivé,Aire de camping-cars,Piste poids lourds,DAB (Distributeur automatique de billets);Rhône;69;Auvergne-Rhône-Alpes;84;
"2100018;4984200;328400;02100;R;25 Boulevard Victor Hugo;Saint-Quentin;""{""""service"""": [""""Vente de fioul domestique"""""," """"Carburant additivé"""""," """"Vente de gaz domestique (Butane"," Propane)"""""," """"Automate CB 24/24"""""," """"DAB (Distributeur automatique de billets)""""]}"";""[{""""@nom"""": """"Gazole"""""," """"@id"""": """"1"""""," """"@maj"""": """"2026-06-05 16:25:01"""""," """"@valeur"""": """"1.979""""}"," {""""@nom"""": """"E10"""""," """"@id"""": """"5"""""," """"@maj"""": """"2026-06-05 16:25:01"""""," """"@valeur"""": """"1.998""""}]"";""[{""""@nom"""": """"GPLc"""""," """"@id"""": """"4"""""," """"@debut"""": """"2019-10-09 09:25:40"""""," """"@fin"""": """""""""," """"@type"""": """"definitive""""}"," {""""@nom"""": """"SP95"""""," """"@id"""": """"2"""""," """"@debut"""": """"2022-11-23 14:28:02"""""," """"@fin"""": """""""""," """"@type"""": """"definitive""""}"," {""""@nom"""": """"E85"""""," """"@id"""": """"3"""""," """"@debut"""": """"2025-05-21 10:03:52"""""," """"@fin"""": """""""""," """"@type"""": """"definitive""""}"," {""""@nom"""": """"SP98"""""," """"@id"""": """"6"""""," """"@debut"""": """"2026-03-12 12:10:59"""""," """"@fin"""": """""""""," """"@type"""": """"definitive""""}]"";""{""""@automate-24-24"""": """"1"""""," """"jour"""": [{""""@id"""": """"1"""""," """"@nom"""": """"Lundi"""""," """"@ferme"""": """""""""," """"horaire"""": [{""""@ouverture"""": """"09.00"""""," """"@fermeture"""": """"12.30""""}"," {""""@ouverture"""": """"13.30"""""," """"@fermeture"""": """"17.00""""}]}"," {""""@id"""": """"2"""""," """"@nom"""": """"Mardi"""""," """"@ferme"""": """""""""," """"horaire"""": [{""""@ouverture"""": """"09.00"""""," """"@fermeture"""": """"12.30""""}"," {""""@ouverture"""": """"13.30"""""," """"@fermeture"""": """"17.00""""}]}"," {""""@id"""": """"3"""""," """"@nom"""": """"Mercredi"""""," """"@ferme"""": """""""""," """"horaire"""": [{""""@ouverture"""": """"09.00"""""," """"@fermeture"""": """"12.30""""}"," {""""@ouverture"""": """"13.30"""""," """"@fermeture"""": """"17.00""""}]}"," {""""@id"""": """"4"""""," """"@nom"""": """"Jeudi"""""," """"@ferme"""": """""""""," """"horaire"""": [{""""@ouverture"""": """"09.00"""""," """"@fermeture"""": """"12.30""""}"," {""""@ouverture"""": """"13.30"""""," """"@fermeture"""": """"17.00""""}]}"," {""""@id"""": """"5"""""," """"@nom"""": """"Vendredi"""""," """"@ferme"""": """""""""," """"horaire"""": [{""""@ouverture"""": """"09.00"""""," """"@fermeture"""": """"12.30""""}"," {""""@ouverture"""": """"13.30"""""," """"@fermeture"""": """"16.00""""}]}"," {""""@id"""": """"6"""""," """"@nom"""": """"Samedi"""""," """"@ferme"""": """"1""""}"," {""""@id"""": """"7"""""," """"@nom"""": """"Dimanche"""""," """"@ferme"""": """"1""""}]}"";49.842", 3.284;2026-06-05T16:25:01+00:00;1.979;;;;;;;2026-06-05T16:25:01+00:00;1.998;;;;;2026-03-12T12:10:59+00:00;definitive;2022-11-23T14:28:02+00:00;definitive;2025-05-21T10:03:52+00:00;definitive;2019-10-09T09:25:40+00:00;definitive;;;Gazole,E10;SP95,E85,GPLc,"SP98;;""SP95;E85;GPLc;SP98"";Oui;Vente de fioul domestique",Carburant additivé,Vente de gaz domestique (Butane, Propane),Automate CB 24/24,DAB (Distributeur automatique de billets);Aisne;02;Hauts-de-France;32;Automate-24-24, Lundi 09.00-12.30 et 13.30-17.00, Mardi 09.00-12.30 et 13.30-17.00, Mercredi 09.00-12.30 et 13.30-17.00, Jeudi 09.00-12.30 et 13.30-17.00, Vendredi 09.00-12.30 et 13.30-16.00, Samedi, Dimanche
"19510002;4554068;152039;19510;A;AUTOROUTE A20 - AIRE DE PORTE DE CORREZE;Masseret;""{""""service"""": [""""Toilettes publiques"""""," """"Douches"""""," """"Boutique alimentaire"""""," """"Boutique non alimentaire"""""," """"Restauration à emporter"""""," """"Restauration sur place"""""," """"Bar"""""," """"Station de gonflage"""""," """"Carburant additivé"""""," """"Piste poids lourds"""""," """"Espace bébé"""""," """"DAB (Distributeur automatique de billets)""""]}"";""[{""""@nom"""": """"Gazole"""""," """"@id"""": """"1"""""," """"@maj"""": """"2026-06-07 00:01:00"""""," """"@valeur"""": """"2.167""""}"," {""""@nom"""": """"E85"""""," """"@id"""": """"3"""""," """"@maj"""": """"2026-06-07 00:01:00"""""," """"@valeur"""": """"0.988""""}"," {""""@nom"""": """"GPLc"""""," """"@id"""": """"4"""""," """"@maj"""": """"2026-06-07 00:01:00"""""," """"@valeur"""": """"1.078""""}"," {""""@nom"""": """"E10"""""," """"@id"""": """"5"""""," """"@maj"""": """"2026-06-07 00:01:00"""""," """"@valeur"""": """"1.990""""}"," {""""@nom"""": """"SP98"""""," """"@id"""": """"6"""""," """"@maj"""": """"2026-06-07 00:01:00"""""," """"@valeur"""": """"1.990""""}]"";""{""""@nom"""": """"SP95"""""," """"@id"""": """"2"""""," """"@debut"""": """"2025-07-28 11:23:19"""""," """"@fin"""": """""""""," """"@type"""": """"definitive""""}"";;45.54068", 1.52039;2026-06-07T00:01:00+00:00;2.167;;;2026-06-07T00:01:00+00:00;0.988;2026-06-07T00:01:00+00:00;1.078;2026-06-07T00:01:00+00:00;1.99;2026-06-07T00:01:00+00:00;1.99;;;;;2025-07-28T11:23:19+00:00;definitive;;;;;;;Gazole,E85,GPLc,E10,SP98;SP95;;SP95;Non;Toilettes publiques,Douches,Boutique alimentaire,Boutique non alimentaire,Restauration à emporter,Restauration sur place,Bar,Station de gonflage,Carburant additivé,Piste poids lourds,Espace bébé,DAB (Distributeur automatique de billets);Corrèze;19;Nouvelle-Aquitaine;75;
"57850001;4867600;720200;57850;R;14 Rue du Général Leclerc;Dabo;""{""""service"""": [""""Carburant additivé"""""," """"Vente d'additifs carburants""""]}"";""[{""""@nom"""": """"Gazole"""""," """"@id"""": """"1"""""," """"@maj"""": """"2026-06-03 08:45:45"""""," """"@valeur"""": """"2.110""""}"," {""""@nom"""": """"SP95"""""," """"@id"""": """"2"""""," """"@maj"""": """"2026-06-03 08:45:45"""""," """"@valeur"""": """"2.090""""}"," {""""@nom"""": """"SP98"""""," """"@id"""": """"6"""""," """"@maj"""": """"2026-06-03 08:45:46"""""," """"@valeur"""": """"2.120""""}]"";""[{""""@nom"""": """"E85"""""," """"@id"""": """"3"""""," """"@debut"""": """"2017-11-07 14:42:32"""""," """"@fin"""": """""""""," """"@type"""": """"definitive""""}"," {""""@nom"""": """"GPLc"""""," """"@id"""": """"4"""""," """"@debut"""": """"2017-11-07 14:42:32"""""," """"@fin"""": """""""""," """"@type"""": """"definitive""""}"," {""""@nom"""": """"E10"""""," """"@id"""": """"5"""""," """"@debut"""": """"2017-11-07 14:42:32"""""," """"@fin"""": """""""""," """"@type"""": """"definitive""""}]"";""{""""@automate-24-24"""": """""""""," """"jour"""": [{""""@id"""": """"1"""""," """"@nom"""": """"Lundi"""""," """"@ferme"""": """""""""," """"horaire"""": {""""@ouverture"""": """"06.00"""""," """"@fermeture"""": """"19.00""""}}"," {""""@id"""": """"2"""""," """"@nom"""": """"Mardi"""""," """"@ferme"""": """""""""," """"horaire"""": {""""@ouverture"""": """"06.00"""""," """"@fermeture"""": """"19.00""""}}"," {""""@id"""": """"3"""""," """"@nom"""": """"Mercredi"""""," """"@ferme"""": """""""""," """"horaire"""": {""""@ouverture"""": """"06.00"""""," """"@fermeture"""": """"19.00""""}}"," {""""@id"""": """"4"""""," """"@nom"""": """"Jeudi"""""," """"@ferme"""": """""""""," """"horaire"""": {""""@ouverture"""": """"06.00"""""," """"@fermeture"""": """"19.00""""}}"," {""""@id"""": """"5"""""," """"@nom"""": """"Vendredi"""""," """"@ferme"""": """""""""," """"horaire"""": {""""@ouverture"""": """"06.00"""""," """"@fermeture"""": """"19.00""""}}"," {""""@id"""": """"6"""""," """"@nom"""": """"Samedi"""""," """"@ferme"""": """""""""," """"horaire"""": {""""@ouverture"""": """"06.00"""""," """"@fermeture"""": """"18.00""""}}"," {""""@id"""": """"7"""""," """"@nom"""": """"Dimanche"""""," """"@ferme"""": """""""""," """"horaire"""": {""""@ouverture"""": """"08.00"""""," """"@fermeture"""": """"12.00""""}}]}"";48.676", 7.202;2026-06-03T08:45:45+00:00;2.11;2026-06-03T08:45:45+00:00;2.09;;;;;;;2026-06-03T08:45:46+00:00;2.12;2017-11-07T14:42:32+00:00;definitive;;;;;2017-11-07T14:42:32+00:00;definitive;2017-11-07T14:42:32+00:00;definitive;;;Gazole,SP95,SP98;E85,GPLc,"E10;;""E85;GPLc;E10"";Non;Carburant additivé",Vente d'additifs carburants;Moselle;57;Grand Est;44;Lundi06.00-19.00, Mardi06.00-19.00, Mercredi06.00-19.00, Jeudi06.00-19.00, Vendredi06.00-19.00, Samedi06.00-18.00, Dimanche08.00-12.00
"59320001;5062600;296700;59320;R;RN 352;Sequedin;""{""""service"""": [""""Station de gonflage"""""," """"Piste poids lourds"""""," """"Lavage automatique"""""," """"Vente de gaz domestique (Butane"," Propane)"""""," """"DAB (Distributeur automatique de billets)""""]}"";""[{""""@nom"""": """"Gazole"""""," """"@id"""": """"1"""""," """"@maj"""": """"2026-06-05 08:58:26"""""," """"@valeur"""": """"1.963""""}"," {""""@nom"""": """"E85"""""," """"@id"""": """"3"""""," """"@maj"""": """"2026-06-05 08:58:26"""""," """"@valeur"""": """"0.799""""}"," {""""@nom"""": """"GPLc"""""," """"@id"""": """"4"""""," """"@maj"""": """"2026-06-05 08:58:26"""""," """"@valeur"""": """"1.050""""}"," {""""@nom"""": """"E10"""""," """"@id"""": """"5"""""," """"@maj"""": """"2026-06-05 08:58:26"""""," """"@valeur"""": """"1.929""""}"," {""""@nom"""": """"SP98"""""," """"@id"""": """"6"""""," """"@maj"""": """"2026-06-05 08:58:26"""""," """"@valeur"""": """"2.139""""}]"";""{""""@nom"""": """"SP95"""""," """"@id"""": """"2"""""," """"@debut"""": """"2017-10-09 09:16:30"""""," """"@fin"""": """""""""," """"@type"""": """"temporaire""""}"";;50.626", 2.967;2026-06-05T08:58:26+00:00;1.963;;;2026-06-05T08:58:26+00:00;0.799;2026-06-05T08:58:26+00:00;1.05;2026-06-05T08:58:26+00:00;1.929;2026-06-05T08:58:26+00:00;2.139;;;;;2017-10-09T09:16:30+00:00;temporaire;;;;;;;Gazole,E85,GPLc,E10,SP98;SP95;SP95;;Non;Station de gonflage,Piste poids lourds,Lavage automatique,Vente de gaz domestique (Butane, Propane),DAB (Distributeur automatique de billets);Nord;59;Hauts-de-France;32;
"64240004;4338500;-129700;64240;R;Avenue Léon Guichené;Hasparren;""{""""service"""": [""""Station de gonflage"""""," """"Carburant additivé"""""," """"Automate CB 24/24""""]}"";""[{""""@nom"""": """"Gazole"""""," """"@id"""": """"1"""""," """"@maj"""": """"2026-06-05 08:56:16"""""," """"@valeur"""": """"2.169""""}"," {""""@nom"""": """"SP95"""""," """"@id"""": """"2"""""," """"@maj"""": """"2026-06-05 08:56:17"""""," """"@valeur"""": """"2.159""""}"," {""""@nom"""": """"E85"""""," """"@id"""": """"3"""""," """"@maj"""": """"2026-03-30 09:00:40"""""," """"@valeur"""": """"0.909""""}"," {""""@nom"""": """"SP98"""""," """"@id"""": """"6"""""," """"@maj"""": """"2026-06-05 08:56:17"""""," """"@valeur"""": """"2.199""""}]"";""[{""""@nom"""": """"GPLc"""""," """"@id"""": """"4"""""," """"@debut"""": """"2022-11-23 09:33:11"""""," """"@fin"""": """""""""," """"@type"""": """"definitive""""}"," {""""@nom"""": """"E10"""""," """"@id"""": """"5"""""," """"@debut"""": """"2022-11-23 09:33:11"""""," """"@fin"""": """""""""," """"@type"""": """"definitive""""}]"";""{""""@automate-24-24"""": """"1"""""," """"jour"""": [{""""@id"""": """"1"""""," """"@nom"""": """"Lundi"""""," """"@ferme"""": """""""""," """"horaire"""": [{""""@ouverture"""": """"07.00"""""," """"@fermeture"""": """"12.15""""}"," {""""@ouverture"""": """"13.30"""""," """"@fermeture"""": """"19.00""""}]}"," {""""@id"""": """"2"""""," """"@nom"""": """"Mardi"""""," """"@ferme"""": """""""""," """"horaire"""": [{""""@ouverture"""": """"07.00"""""," """"@fermeture"""": """"12.15""""}"," {""""@ouverture"""": """"13.30"""""," """"@fermeture"""": """"19.00""""}]}"," {""""@id"""": """"3"""""," """"@nom"""": """"Mercredi"""""," """"@ferme"""": """""""""," """"horaire"""": [{""""@ouverture"""": """"07.00"""""," """"@fermeture"""": """"12.15""""}"," {""""@ouverture"""": """"13.30"""""," """"@fermeture"""": """"19.00""""}]}"," {""""@id"""": """"4"""""," """"@nom"""": """"Jeudi"""""," """"@ferme"""": """""""""," """"horaire"""": [{""""@ouverture"""": """"07.00"""""," """"@fermeture"""": """"12.15""""}"," {""""@ouverture"""": """"13.30"""""," """"@fermeture"""": """"19.00""""}]}"," {""""@id"""": """"5"""""," """"@nom"""": """"Vendredi"""""," """"@ferme"""": """""""""," """"horaire"""": [{""""@ouverture"""": """"07.00"""""," """"@fermeture"""": """"12.15""""}"," {""""@ouverture"""": """"13.30"""""," """"@fermeture"""": """"19.00""""}]}"," {""""@id"""": """"6"""""," """"@nom"""": """"Samedi"""""," """"@ferme"""": """""""""," """"horaire"""": {""""@ouverture"""": """"07.00"""""," """"@fermeture"""": """"12.15""""}}"," {""""@id"""": """"7"""""," """"@nom"""": """"Dimanche"""""," """"@ferme"""": """"1""""}]}"";43.385", -1.297;2026-06-05T08:56:16+00:00;2.169;2026-06-05T08:56:17+00:00;2.159;2026-03-30T09:00:40+00:00;0.909;;;;;2026-06-05T08:56:17+00:00;2.199;2022-11-23T09:33:11+00:00;definitive;;;;;;;2022-11-23T09:33:11+00:00;definitive;;;Gazole,SP95,E85,SP98;GPLc,"E10;;""GPLc;E10"";Oui;Station de gonflage",Carburant additivé,Automate CB 24/24;Pyrénées-Atlantiques;64;Nouvelle-Aquitaine;75;Automate-24-24, Lundi 07.00-12.15 et 13.30-19.00, Mardi 07.00-12.15 et 13.30-19.00, Mercredi 07.00-12.15 et 13.30-19.00, Jeudi 07.00-12.15 et 13.30-19.00, Vendredi 07.00-12.15 et 13.30-19.00, Samedi07.00-12.15, Dimanche
"78600002;4894500;214300;78600;R;18 Avenue du Général de Gaulle;Maisons-Laffitte;""{""""service"""": [""""Boutique alimentaire"""""," """"Boutique non alimentaire"""""," """"Station de gonflage"""""," """"Carburant additivé"""""," """"Lavage automatique"""""," """"Services réparation / entretien"""""," """"Vente de gaz domestique (Butane"," Propane)""""]}"";""[{""""@nom"""": """"Gazole"""""," """"@id"""": """"1"""""," """"@maj"""": """"2026-06-06 12:14:05"""""," """"@valeur"""": """"2.089""""}"," {""""@nom"""": """"E10"""""," """"@id"""": """"5"""""," """"@maj"""": """"2026-06-06 12:14:05"""""," """"@valeur"""": """"2.019""""}"," {""""@nom"""": """"SP98"""""," """"@id"""": """"6"""""," """"@maj"""": """"2026-06-06 12:14:05"""""," """"@valeur"""": """"2.189""""}]"";;""{""""@automate-24-24"""": """""""""," """"jour"""": [{""""@id"""": """"1"""""," """"@nom"""": """"Lundi"""""," """"@ferme"""": """""""""," """"horaire"""": {""""@ouverture"""": """"06.00"""""," """"@fermeture"""": """"21.00""""}}"," {""""@id"""": """"2"""""," """"@nom"""": """"Mardi"""""," """"@ferme"""": """""""""," """"horaire"""": {""""@ouverture"""": """"06.00"""""," """"@fermeture"""": """"21.00""""}}"," {""""@id"""": """"3"""""," """"@nom"""": """"Mercredi"""""," """"@ferme"""": """""""""," """"horaire"""": {""""@ouverture"""": """"06.00"""""," """"@fermeture"""": """"21.00""""}}"," {""""@id"""": """"4"""""," """"@nom"""": """"Jeudi"""""," """"@ferme"""": """""""""," """"horaire"""": {""""@ouverture"""": """"06.00"""""," """"@fermeture"""": """"21.00""""}}"," {""""@id"""": """"5"""""," """"@nom"""": """"Vendredi"""""," """"@ferme"""": """""""""," """"horaire"""": {""""@ouverture"""": """"06.00"""""," """"@fermeture"""": """"21.00""""}}"," {""""@id"""": """"6"""""," """"@nom"""": """"Samedi"""""," """"@ferme"""": """""""""," """"horaire"""": {""""@ouverture"""": """"07.00"""""," """"@fermeture"""": """"20.00""""}}"," {""""@id"""": """"7"""""," """"@nom"""": """"Dimanche"""""," """"@ferme"""": """""""""," """"horaire"""": {""""@ouverture"""": """"08.00"""""," """"@fermeture"""": """"20.00""""}}]}"";48.945", 2.143;2026-06-06T12:14:05+00:00;2.089;;;;;;;2026-06-06T12:14:05+00:00;2.019;2026-06-06T12:14:05+00:00;2.189;;;;;;;;;;;;;Gazole,E10,SP98;SP95,E85,GPLc;;;Non;Boutique alimentaire,Boutique non alimentaire,Station de gonflage,Carburant additivé,Lavage automatique,Services réparation / entretien,Vente de gaz domestique (Butane, Propane);Yvelines;78;Île-de-France;11;Lundi06.00-21.00, Mardi06.00-21.00, Mercredi06.00-21.00, Jeudi06.00-21.00, Vendredi06.00-21.00, Samedi07.00-20.00, Dimanche08.00-20.00
"3600004;4628900;274400;03600;R;12 RUE JEAN JACQUES ROUSSEAU;Commentry;""{""""service"""": [""""Relais colis"""""," """"Boutique alimentaire"""""," """"Boutique non alimentaire"""""," """"Station de gonflage"""""," """"Carburant additivé"""""," """"Vente d'additifs carburants"""""," """"Automate CB 24/24""""]}"";;""[{""""@nom"""": """"SP95"""""," """"@id"""": """"2"""""," """"@debut"""": """"2019-08-10 14:22:40"""""," """"@fin"""": """""""""," """"@type"""": """"definitive""""}"," {""""@nom"""": """"GPLc"""""," """"@id"""": """"4"""""," """"@debut"""": """"2019-08-10 14:22:40"""""," """"@fin"""": """""""""," """"@type"""": """"definitive""""}]"";""{""""@automate-24-24"""": """"1"""""," """"jour"""": [{""""@id"""": """"1"""""," """"@nom"""": """"Lundi"""""," """"@ferme"""": """""""""," """"horaire"""": {""""@ouverture"""": """"07.00"""""," """"@fermeture"""": """"19.00""""}}"," {""""@id"""": """"2"""""," """"@nom"""": """"Mardi"""""," """"@ferme"""": """""""""," """"horaire"""": {""""@ouverture"""": """"07.00"""""," """"@fermeture"""": """"19.00""""}}"," {""""@id"""": """"3"""""," """"@nom"""": """"Mercredi"""""," """"@ferme"""": """""""""," """"horaire"""": {""""@ouverture"""": """"07.00"""""," """"@fermeture"""": """"19.00""""}}"," {""""@id"""": """"4"""""," """"@nom"""": """"Jeudi"""""," """"@ferme"""": """""""""," """"horaire"""": {""""@ouverture"""": """"07.00"""""," """"@fermeture"""": """"19.00""""}}"," {""""@id"""": """"5"""""," """"@nom"""": """"Vendredi"""""," """"@ferme"""": """""""""," """"horaire"""": {""""@ouverture"""": """"07.00"""""," """"@fermeture"""": """"19.00""""}}"," {""""@id"""": """"6"""""," """"@nom"""": """"Samedi"""""," """"@ferme"""": """""""""," """"horaire"""": {""""@ouverture"""": """"08.00"""""," """"@fermeture"""": """"16.00""""}}"," {""""@id"""": """"7"""""," """"@nom"""": """"Dimanche"""""," """"@ferme"""": """"1""""}]}"";46.289", 2.744;;;;;;;;;;;;;;;;;2019-08-10T14:22:40+00:00;definitive;;;2019-08-10T14:22:40+00:00;definitive;;;;;;;Oui;Relais colis,Boutique alimentaire,Boutique non alimentaire,Station de gonflage,Carburant additivé,Vente d'additifs carburants,Automate CB 24/24;Allier;03;Auvergne-Rhône-Alpes;84;Automate-24-24, Lundi07.00-19.00, Mardi07.00-19.00, Mercredi07.00-19.00, Jeudi07.00-19.00, Vendredi07.00-19.00, Samedi08.00-16.00, Dimanche
"80440003;4986500;237700;80440;R;C.C Grand A Route de saint Quentin;Glisy;""{""""service"""": [""""Toilettes publiques"""""," """"Boutique alimentaire"""""," """"Boutique non alimentaire"""""," """"Restauration à emporter"""""," """"Restauration sur place"""""," """"Bar"""""," """"Station de gonflage"""""," """"Carburant additivé"""""," """"Piste poids lourds"""""," """"Lavage automatique"""""," """"GNV"""""," """"Services réparation / entretien"""""," """"Vente de gaz domestique (Butane"," Propane)"""""," """"Bornes électriques"""""," """"Automate CB 24/24"""""," """"DAB (Distributeur automatique de billets)""""]}"";""[{""""@nom"""": """"Gazole"""""," """"@id"""": """"1"""""," """"@maj"""": """"2026-06-05 10:06:26"""""," """"@valeur"""": """"1.996""""}"," {""""@nom"""": """"GPLc"""""," """"@id"""": """"4"""""," """"@maj"""": """"2026-04-21 10:28:40"""""," """"@valeur"""": """"0.999""""}"," {""""@nom"""": """"E10"""""," """"@id"""": """"5"""""," """"@maj"""": """"2026-06-05 10:06:26"""""," """"@valeur"""": """"1.958""""}"," {""""@nom"""": """"SP98"""""," """"@id"""": """"6"""""," """"@maj"""": """"2026-06-04 11:48:42"""""," """"@valeur"""": """"2.059""""}]"";""[{""""@nom"""": """"SP95"""""," """"@id"""": """"2"""""," """"@debut"""": """"2023-10-19 08:31:06"""""," """"@fin"""": """""""""," """"@type"""": """"temporaire""""}"," {""""@nom"""": """"E85"""""," """"@id"""": """"3"""""," """"@debut"""": """"2023-10-19 08:31:06"""""," """"@fin"""": """""""""," """"@type"""": """"temporaire""""}]"";""{""""@automate-24-24"""": """"1"""""," """"jour"""": [{""""@id"""": """"1"""""," """"@nom"""": """"Lundi"""""," """"@ferme"""": """"""""}"," {""""@id"""": """"2"""""," """"@nom"""": """"Mardi"""""," """"@ferme"""": """"""""}"," {""""@id"""": """"3"""""," """"@nom"""": """"Mercredi"""""," """"@ferme"""": """"""""}"," {""""@id"""": """"4"""""," """"@nom"""": """"Jeudi"""""," """"@ferme"""": """"""""}"," {""""@id"""": """"5"""""," """"@nom"""": """"Vendredi"""""," """"@ferme"""": """"""""}"," {""""@id"""": """"6"""""," """"@nom"""": """"Samedi"""""," """"@ferme"""": """"""""}"," {""""@id"""": """"7"""""," """"@nom"""": """"Dimanche"""""," """"@ferme"""": """"""""}]}"";49.865", 2.377;2026-06-05T10:06:26+00:00;1.996;;;;;2026-04-21T10:28:40+00:00;0.999;2026-06-05T10:06:26+00:00;1.958;2026-06-04T11:48:42+00:00;2.059;;;;;2023-10-19T08:31:06+00:00;temporaire;2023-10-19T08:31:06+00:00;temporaire;;;;;Gazole,GPLc,E10,SP98;SP95,"E85;""SP95;E85"";;Oui;Toilettes publiques",Boutique alimentaire,Boutique non alimentaire,Restauration à emporter,Restauration sur place,Bar,Station de gonflage,Carburant additivé,Piste poids lourds,Lavage automatique,GNV,Services réparation / entretien,Vente de gaz domestique (Butane, Propane),Bornes électriques,Automate CB 24/24,DAB (Distributeur automatique de billets);Somme;80;Hauts-de-France;32;Automate-24-24
"32600001;4361400;108900;32600;R;3 rue Jean Moulin;L'Isle-Jourdain;""{""""service"""": [""""Toilettes publiques"""""," """"Laverie"""""," """"Relais colis"""""," """"Boutique alimentaire"""""," """"Boutique non alimentaire"""""," """"Station de gonflage"""""," """"Location de véhicule"""""," """"Piste poids lourds"""""," """"Lavage automatique"""""," """"Lavage manuel"""""," """"Bornes électriques"""""," """"Wifi"""""," """"Automate CB 24/24""""]}"";""[{""""@nom"""": """"Gazole"""""," """"@id"""": """"1"""""," """"@maj"""": """"2026-06-07 09:26:49"""""," """"@valeur"""": """"2.039""""}"," {""""@nom"""": """"SP95"""""," """"@id"""": """"2"""""," """"@maj"""": """"2026-06-06 20:00:00"""""," """"@valeur"""": """"2.019""""}"," {""""@nom"""": """"E10"""""," """"@id"""": """"5"""""," """"@maj"""": """"2026-06-06 20:00:00"""""," """"@valeur"""": """"1.989""""}"," {""""@nom"""": """"SP98"""""," """"@id"""": """"6"""""," """"@maj"""": """"2026-06-06 20:00:00"""""," """"@valeur"""": """"2.049""""}]"";""[{""""@nom"""": """"E85"""""," """"@id"""": """"3"""""," """"@debut"""": """"2017-09-02 18:38:34"""""," """"@fin"""": """""""""," """"@type"""": """"definitive""""}"," {""""@nom"""": """"GPLc"""""," """"@id"""": """"4"""""," """"@debut"""": """"2017-09-02 18:38:34"""""," """"@fin"""": """""""""," """"@type"""": """"definitive""""}]"";""{""""@automate-24-24"""": """"1"""""," """"jour"""": [{""""@id"""": """"1"""""," """"@nom"""": """"Lundi"""""," """"@ferme"""": """"""""}"," {""""@id"""": """"2"""""," """"@nom"""": """"Mardi"""""," """"@ferme"""": """"""""}"," {""""@id"""": """"3"""""," """"@nom"""": """"Mercredi"""""," """"@ferme"""": """"""""}"," {""""@id"""": """"4"""""," """"@nom"""": """"Jeudi"""""," """"@ferme"""": """"""""}"," {""""@id"""": """"5"""""," """"@nom"""": """"Vendredi"""""," """"@ferme"""": """"""""}"," {""""@id"""": """"6"""""," """"@nom"""": """"Samedi"""""," """"@ferme"""": """"""""}"," {""""@id"""": """"7"""""," """"@nom"""": """"Dimanche"""""," """"@ferme"""": """"""""}]}"";43.614", 1.089;2026-06-07T09:26:49+00:00;2.039;2026-06-06T20:00:00+00:00;2.019;;;;;2026-06-06T20:00:00+00:00;1.989;2026-06-06T20:00:00+00:00;2.049;;;;;;;2017-09-02T18:38:34+00:00;definitive;2017-09-02T18:38:34+00:00;definitive;;;Gazole,SP95,E10,SP98;E85,"GPLc;;""E85;GPLc"";Oui;Toilettes publiques",Laverie,Relais colis,Boutique alimentaire,Boutique non alimentaire,Station de gonflage,Location de véhicule,Piste poids lourds,Lavage automatique,Lavage manuel,Bornes électriques,Wifi,Automate CB 24/24;Gers;32;Occitanie;76;Automate-24-24
"52100003;4861700;491200;52100;R;AV. DU PIEMONT;Valcourt;""{""""service"""": [""""Boutique alimentaire"""""," """"Boutique non alimentaire"""""," """"Carburant additivé"""""," """"Location de véhicule"""""," """"Piste poids lourds"""""," """"Vente de gaz domestique (Butane"," Propane)"""""," """"DAB (Distributeur automatique de billets)""""]}"";""[{""""@nom"""": """"Gazole"""""," """"@id"""": """"1"""""," """"@maj"""": """"2026-06-05 07:57:04"""""," """"@valeur"""": """"2.087""""}"," {""""@nom"""": """"SP95"""""," """"@id"""": """"2"""""," """"@maj"""": """"2026-06-05 07:57:04"""""," """"@valeur"""": """"1.990""""}]"";""[{""""@nom"""": """"E85"""""," """"@id"""": """"3"""""," """"@debut"""": """"2022-09-14 10:41:11"""""," """"@fin"""": """""""""," """"@type"""": """"definitive""""}"," {""""@nom"""": """"GPLc"""""," """"@id"""": """"4"""""," """"@debut"""": """"2022-09-14 10:41:11"""""," """"@fin"""": """""""""," """"@type"""": """"definitive""""}"," {""""@nom"""": """"E10"""""," """"@id"""": """"5"""""," """"@debut"""": """"2022-09-14 10:41:11"""""," """"@fin"""": """""""""," """"@type"""": """"definitive""""}"," {""""@nom"""": """"SP98"""""," """"@id"""": """"6"""""," """"@debut"""": """"2022-09-14 10:41:11"""""," """"@fin"""": """""""""," """"@type"""": """"definitive""""}]"";;48.617", 4.912;2026-06-05T07:57:04+00:00;2.087;2026-06-05T07:57:04+00:00;1.99;;;;;;;;;2022-09-14T10:41:11+00:00;definitive;2022-09-14T10:41:11+00:00;definitive;;;2022-09-14T10:41:11+00:00;definitive;2022-09-14T10:41:11+00:00;definitive;;;Gazole,SP95;E85,GPLc,E10,"SP98;;""E85;GPLc;E10;SP98"";Non;Boutique alimentaire",Boutique non alimentaire,Carburant additivé,Location de véhicule,Piste poids lourds,Vente de gaz domestique (Butane, Propane),DAB (Distributeur automatique de billets);Haute-Marne;52;Grand Est;44;
"89290001;4774000;359900;89290;R;CENTRE ARTISANAL;Champs-sur-Yonne;""{""""service"""": """"Automate CB 24/24""""}"";""[{""""@nom"""": """"Gazole"""""," """"@id"""": """"1"""""," """"@maj"""": """"2026-06-03 00:00:00"""""," """"@valeur"""": """"1.999""""}"," {""""@nom"""": """"SP95"""""," """"@id"""": """"2"""""," """"@maj"""": """"2026-06-03 00:00:00"""""," """"@valeur"""": """"2.099""""}"," {""""@nom"""": """"SP98"""""," """"@id"""": """"6"""""," """"@maj"""": """"2026-06-03 00:00:00"""""," """"@valeur"""": """"2.199""""}]"";""[{""""@nom"""": """"E85"""""," """"@id"""": """"3"""""," """"@debut"""": """"2014-07-01 00:00:00"""""," """"@fin"""": """""""""," """"@type"""": """"""""}"," {""""@nom"""": """"GPLc"""""," """"@id"""": """"4"""""," """"@debut"""": """"2014-07-01 00:00:00"""""," """"@fin"""": """""""""," """"@type"""": """"""""}"," {""""@nom"""": """"E10"""""," """"@id"""": """"5"""""," """"@debut"""": """"2014-07-01 00:00:00"""""," """"@fin"""": """""""""," """"@type"""": """"""""}]"";""{""""@automate-24-24"""": """"1"""""," """"jour"""": [{""""@id"""": """"1"""""," """"@nom"""": """"Lundi"""""," """"@ferme"""": """"1""""}"," {""""@id"""": """"2"""""," """"@nom"""": """"Mardi"""""," """"@ferme"""": """"1""""}"," {""""@id"""": """"3"""""," """"@nom"""": """"Mercredi"""""," """"@ferme"""": """"1""""}"," {""""@id"""": """"4"""""," """"@nom"""": """"Jeudi"""""," """"@ferme"""": """"1""""}"," {""""@id"""": """"5"""""," """"@nom"""": """"Vendredi"""""," """"@ferme"""": """"1""""}"," {""""@id"""": """"6"""""," """"@nom"""": """"Samedi"""""," """"@ferme"""": """"1""""}"," {""""@id"""": """"7"""""," """"@nom"""": """"Dimanche"""""," """"@ferme"""": """"1""""}]}"";47.74", 3.599;2026-06-03T00:00:00+00:00;1.999;2026-06-03T00:00:00+00:00;2.099;;;;;;;2026-06-03T00:00:00+00:00;2.199;;;;;;;;;;;;;Gazole,SP95,SP98;E85,GPLc,E10;;;Oui;Automate CB 24/24;Yonne;89;Bourgogne-Franche-Comté;27;Automate-24-24
"78290003;4887500;214000;78290;R;46 RUE DES PONTS;Croissy-sur-Seine;""{""""service"""": [""""Toilettes publiques"""""," """"Boutique alimentaire"""""," """"Boutique non alimentaire"""""," """"Restauration à emporter"""""," """"Station de gonflage"""""," """"Carburant additivé"""""," """"Services réparation / entretien"""""," """"Automate CB 24/24""""]}"";""[{""""@nom"""": """"Gazole"""""," """"@id"""": """"1"""""," """"@maj"""": """"2026-06-06 00:01:00"""""," """"@valeur"""": """"2.110""""}"," {""""@nom"""": """"E85"""""," """"@id"""": """"3"""""," """"@maj"""": """"2026-06-06 00:01:00"""""," """"@valeur"""": """"0.899""""}"," {""""@nom"""": """"E10"""""," """"@id"""": """"5"""""," """"@maj"""": """"2026-06-06 00:01:00"""""," """"@valeur"""": """"1.990""""}]"";""[{""""@nom"""": """"SP95"""""," """"@id"""": """"2"""""," """"@debut"""": """"2023-03-29 14:33:33"""""," """"@fin"""": """""""""," """"@type"""": """"definitive""""}"," {""""@nom"""": """"GPLc"""""," """"@id"""": """"4"""""," """"@debut"""": """"2024-06-26 20:46:44"""""," """"@fin"""": """""""""," """"@type"""": """"definitive""""}"," {""""@nom"""": """"SP98"""""," """"@id"""": """"6"""""," """"@debut"""": """"2026-06-07 16:21:29"""""," """"@fin"""": """""""""," """"@type"""": """"temporaire""""}]"";""{""""@automate-24-24"""": """"1"""""," """"jour"""": [{""""@id"""": """"1"""""," """"@nom"""": """"Lundi"""""," """"@ferme"""": """"""""}"," {""""@id"""": """"2"""""," """"@nom"""": """"Mardi"""""," """"@ferme"""": """"""""}"," {""""@id"""": """"3"""""," """"@nom"""": """"Mercredi"""""," """"@ferme"""": """"""""}"," {""""@id"""": """"4"""""," """"@nom"""": """"Jeudi"""""," """"@ferme"""": """"""""}"," {""""@id"""": """"5"""""," """"@nom"""": """"Vendredi"""""," """"@ferme"""": """"""""}"," {""""@id"""": """"6"""""," """"@nom"""": """"Samedi"""""," """"@ferme"""": """"""""}"," {""""@id"""": """"7"""""," """"@nom"""": """"Dimanche"""""," """"@ferme"""": """"""""}]}"";48.875", 2.14;2026-06-06T00:01:00+00:00;2.11;;;2026-06-06T00:01:00+00:00;0.899;;;2026-06-06T00:01:00+00:00;1.99;;;;;2026-06-07T16:21:29+00:00;temporaire;2023-03-29T14:33:33+00:00;definitive;;;2024-06-26T20:46:44+00:00;definitive;;;Gazole,E85,E10;SP95,GPLc,"SP98;SP98;""SP95;GPLc"";Oui;Toilettes publiques",Boutique alimentaire,Boutique non alimentaire,Restauration à emporter,Station de gonflage,Carburant additivé,Services réparation / entretien,Automate CB 24/24;Yvelines;78;Île-de-France;11;Automate-24-24
"58000002;4700400;316400;58000;R;BOULEVARD SAINT EXUPERY;Nevers;""{""""service"""": [""""Station de gonflage"""""," """"Vente de gaz domestique (Butane"," Propane)"""""," """"DAB (Distributeur automatique de billets)""""]}"";;""[{""""@nom"""": """"Gazole"""""," """"@id"""": """"1"""""," """"@debut"""": """"2025-08-09 16:16:00"""""," """"@fin"""": """""""""," """"@type"""": """"temporaire""""}"," {""""@nom"""": """"SP95"""""," """"@id"""": """"2"""""," """"@debut"""": """"2025-08-09 16:16:00"""""," """"@fin"""": """""""""," """"@type"""": """"temporaire""""}"," {""""@nom"""": """"SP98"""""," """"@id"""": """"6"""""," """"@debut"""": """"2025-08-09 16:16:00"""""," """"@fin"""": """""""""," """"@type"""": """"temporaire""""}"," {""""@nom"""": """"E85"""""," """"@id"""": """"3"""""," """"@debut"""": """"2025-10-02 15:59:47"""""," """"@fin"""": """""""""," """"@type"""": """"temporaire""""}"," {""""@nom"""": """"GPLc"""""," """"@id"""": """"4"""""," """"@debut"""": """"2025-10-02 15:59:47"""""," """"@fin"""": """""""""," """"@type"""": """"temporaire""""}"," {""""@nom"""": """"E10"""""," """"@id"""": """"5"""""," """"@debut"""": """"2025-10-02 15:59:47"""""," """"@fin"""": """""""""," """"@type"""": """"temporaire""""}]"";""{""""@automate-24-24"""": """""""""," """"jour"""": [{""""@id"""": """"1"""""," """"@nom"""": """"Lundi"""""," """"@ferme"""": """"""""}"," {""""@id"""": """"2"""""," """"@nom"""": """"Mardi"""""," """"@ferme"""": """"""""}"," {""""@id"""": """"3"""""," """"@nom"""": """"Mercredi"""""," """"@ferme"""": """"""""}"," {""""@id"""": """"4"""""," """"@nom"""": """"Jeudi"""""," """"@ferme"""": """"""""}"," {""""@id"""": """"5"""""," """"@nom"""": """"Vendredi"""""," """"@ferme"""": """"""""}"," {""""@id"""": """"6"""""," """"@nom"""": """"Samedi"""""," """"@ferme"""": """"""""}"," {""""@id"""": """"7"""""," """"@nom"""": """"Dimanche"""""," """"@ferme"""": """"""""}]}"";47.004"," 3.164;;;;;;;;;;;;;2025-10-02T15:59:47+00:00;temporaire;2025-08-09T16:16:00+00:00;temporaire;2025-08-09T16:16:00+00:00;temporaire;2025-10-02T15:59:47+00:00;temporaire;2025-10-02T15:59:47+00:00;temporaire;2025-08-09T16:16:00+00:00;temporaire;;;""Gazole;SP95;E85;GPLc;E10;SP98"";;Non;Station de gonflage",Vente de gaz domestique (Butane, Propane),DAB (Distributeur automatique de billets);Nièvre;58;Bourgogne-Franche-Comté;27;
"10190001;4827400;380400;10190;R;AVENUE DE LA REPUBLIQUE;Estissac;""{""""service"""": """"Automate CB 24/24""""}"";""[{""""@nom"""": """"Gazole"""""," """"@id"""": """"1"""""," """"@maj"""": """"2026-06-03 00:00:00"""""," """"@valeur"""": """"2.079""""}"," {""""@nom"""": """"SP95"""""," """"@id"""": """"2"""""," """"@maj"""": """"2026-06-03 00:00:00"""""," """"@valeur"""": """"2.099""""}]"";""[{""""@nom"""": """"SP98"""""," """"@id"""": """"6"""""," """"@debut"""": """"2014-03-01 00:00:00"""""," """"@fin"""": """""""""," """"@type"""": """"""""}"," {""""@nom"""": """"E85"""""," """"@id"""": """"3"""""," """"@debut"""": """"2018-07-19 11:36:59"""""," """"@fin"""": """""""""," """"@type"""": """"definitive""""}"," {""""@nom"""": """"GPLc"""""," """"@id"""": """"4"""""," """"@debut"""": """"2018-07-19 11:36:59"""""," """"@fin"""": """""""""," """"@type"""": """"definitive""""}"," {""""@nom"""": """"E10"""""," """"@id"""": """"5"""""," """"@debut"""": """"2018-07-19 11:37:00"""""," """"@fin"""": """""""""," """"@type"""": """"definitive""""}]"";""{""""@automate-24-24"""": """"1"""""," """"jour"""": [{""""@id"""": """"1"""""," """"@nom"""": """"Lundi"""""," """"@ferme"""": """"1""""}"," {""""@id"""": """"2"""""," """"@nom"""": """"Mardi"""""," """"@ferme"""": """"1""""}"," {""""@id"""": """"3"""""," """"@nom"""": """"Mercredi"""""," """"@ferme"""": """"1""""}"," {""""@id"""": """"4"""""," """"@nom"""": """"Jeudi"""""," """"@ferme"""": """"1""""}"," {""""@id"""": """"5"""""," """"@nom"""": """"Vendredi"""""," """"@ferme"""": """"1""""}"," {""""@id"""": """"6"""""," """"@nom"""": """"Samedi"""""," """"@ferme"""": """"1""""}"," {""""@id"""": """"7"""""," """"@nom"""": """"Dimanche"""""," """"@ferme"""": """"1""""}]}"";48.274", 3.804;2026-06-03T00:00:00+00:00;2.079;2026-06-03T00:00:00+00:00;2.099;;;;;;;;;2018-07-19T11:37:00+00:00;definitive;;;;;2018-07-19T11:36:59+00:00;definitive;2018-07-19T11:36:59+00:00;definitive;;;Gazole,SP95;E85,GPLc,E10,"SP98;;""E85;GPLc;E10"";Oui;Automate CB 24/24;Aube;10;Grand Est;44;Automate-24-24"
"89420003;4750451.7327111;403825.50768547;89420;A;Autoroute A6 Aire de Maison Dieu - Sens Lyon Paris;Guillon-Terre-Plaine;""{""""service"""": [""""Toilettes publiques"""""," """"Douches"""""," """"Boutique alimentaire"""""," """"Boutique non alimentaire"""""," """"Station de gonflage"""""," """"Carburant additivé"""""," """"Piste poids lourds"""""," """"Espace bébé"""""," """"Wifi"""""," """"Automate CB 24/24"""""," """"DAB (Distributeur automatique de billets)""""]}"";""[{""""@nom"""": """"Gazole"""""," """"@id"""": """"1"""""," """"@maj"""": """"2026-06-03 06:00:00"""""," """"@valeur"""": """"2.229""""}"," {""""@nom"""": """"E85"""""," """"@id"""": """"3"""""," """"@maj"""": """"2026-06-03 06:00:00"""""," """"@valeur"""": """"1.055""""}"," {""""@nom"""": """"GPLc"""""," """"@id"""": """"4"""""," """"@maj"""": """"2026-06-03 06:00:00"""""," """"@valeur"""": """"1.160""""}"," {""""@nom"""": """"E10"""""," """"@id"""": """"5"""""," """"@maj"""": """"2026-06-03 06:00:00"""""," """"@valeur"""": """"2.179""""}"," {""""@nom"""": """"SP98"""""," """"@id"""": """"6"""""," """"@maj"""": """"2026-06-03 06:00:00"""""," """"@valeur"""": """"2.279""""}]"";""{""""@nom"""": """"SP95"""""," """"@id"""": """"2"""""," """"@debut"""": """"2017-09-06 13:11:42"""""," """"@fin"""": """""""""," """"@type"""": """"definitive""""}"";""{""""@automate-24-24"""": """"1"""""," """"jour"""": [{""""@id"""": """"1"""""," """"@nom"""": """"Lundi"""""," """"@ferme"""": """"""""}"," {""""@id"""": """"2"""""," """"@nom"""": """"Mardi"""""," """"@ferme"""": """"""""}"," {""""@id"""": """"3"""""," """"@nom"""": """"Mercredi"""""," """"@ferme"""": """"""""}"," {""""@id"""": """"4"""""," """"@nom"""": """"Jeudi"""""," """"@ferme"""": """"""""}"," {""""@id"""": """"5"""""," """"@nom"""": """"Vendredi"""""," """"@ferme"""": """"""""}"," {""""@id"""": """"6"""""," """"@nom"""": """"Samedi"""""," """"@ferme"""": """"""""}"," {""""@id"""": """"7"""""," """"@nom"""": """"Dimanche"""""," """"@ferme"""": """"""""}]}"";47.504517327111", 4.0382550768547;2026-06-03T06:00:00+00:00;2.229;;;2026-06-03T06:00:00+00:00;1.055;2026-06-03T06:00:00+00:00;1.16;2026-06-03T06:00:00+00:00;2.179;2026-06-03T06:00:00+00:00;2.279;;;;;2017-09-06T13:11:42+00:00;definitive;;;;;;;Gazole,E85,GPLc,E10,SP98;SP95;;SP95;Oui;Toilettes publiques,Douches,Boutique alimentaire,Boutique non alimentaire,Station de gonflage,Carburant additivé,Piste poids lourds,Espace bébé,Wifi,Automate CB 24/24,DAB (Distributeur automatique de billets);Yonne;89;Bourgogne-Franche-Comté;27;Automate-24-24
"60000015;4943300;209300;60000;R;14 RUE DE CLERMONT;Beauvais;""{""""service"""": [""""Toilettes publiques"""""," """"Boutique alimentaire"""""," """"Boutique non alimentaire"""""," """"Station de gonflage"""""," """"Carburant additivé"""""," """"Vente de gaz domestique (Butane"," Propane)"""""," """"Automate CB 24/24""""]}"";""[{""""@nom"""": """"Gazole"""""," """"@id"""": """"1"""""," """"@maj"""": """"2026-06-07 06:24:23"""""," """"@valeur"""": """"2.029""""}"," {""""@nom"""": """"E85"""""," """"@id"""": """"3"""""," """"@maj"""": """"2026-06-07 06:24:24"""""," """"@valeur"""": """"0.929""""}"," {""""@nom"""": """"GPLc"""""," """"@id"""": """"4"""""," """"@maj"""": """"2026-06-07 06:24:23"""""," """"@valeur"""": """"1.169""""}"," {""""@nom"""": """"E10"""""," """"@id"""": """"5"""""," """"@maj"""": """"2026-06-07 06:24:23"""""," """"@valeur"""": """"1.949""""}"," {""""@nom"""": """"SP98"""""," """"@id"""": """"6"""""," """"@maj"""": """"2026-06-07 06:24:24"""""," """"@valeur"""": """"2.119""""}]"";;""{""""@automate-24-24"""": """"1"""""," """"jour"""": [{""""@id"""": """"1"""""," """"@nom"""": """"Lundi"""""," """"@ferme"""": """""""""," """"horaire"""": {""""@ouverture"""": """"07.00"""""," """"@fermeture"""": """"22.00""""}}"," {""""@id"""": """"2"""""," """"@nom"""": """"Mardi"""""," """"@ferme"""": """""""""," """"horaire"""": {""""@ouverture"""": """"07.00"""""," """"@fermeture"""": """"22.00""""}}"," {""""@id"""": """"3"""""," """"@nom"""": """"Mercredi"""""," """"@ferme"""": """""""""," """"horaire"""": {""""@ouverture"""": """"07.00"""""," """"@fermeture"""": """"22.00""""}}"," {""""@id"""": """"4"""""," """"@nom"""": """"Jeudi"""""," """"@ferme"""": """""""""," """"horaire"""": {""""@ouverture"""": """"07.00"""""," """"@fermeture"""": """"22.00""""}}"," {""""@id"""": """"5"""""," """"@nom"""": """"Vendredi"""""," """"@ferme"""": """""""""," """"horaire"""": {""""@ouverture"""": """"07.00"""""," """"@fermeture"""": """"22.00""""}}"," {""""@id"""": """"6"""""," """"@nom"""": """"Samedi"""""," """"@ferme"""": """""""""," """"horaire"""": {""""@ouverture"""": """"07.00"""""," """"@fermeture"""": """"22.00""""}}"," {""""@id"""": """"7"""""," """"@nom"""": """"Dimanche"""""," """"@ferme"""": """""""""," """"horaire"""": {""""@ouverture"""": """"08.00"""""," """"@fermeture"""": """"22.00""""}}]}"";49.433", 2.093;2026-06-07T06:24:23+00:00;2.029;;;2026-06-07T06:24:24+00:00;0.929;2026-06-07T06:24:23+00:00;1.169;2026-06-07T06:24:23+00:00;1.949;2026-06-07T06:24:24+00:00;2.119;;;;;;;;;;;;;Gazole,E85,GPLc,E10,SP98;SP95;;;Oui;Toilettes publiques,Boutique alimentaire,Boutique non alimentaire,Station de gonflage,Carburant additivé,Vente de gaz domestique (Butane, Propane),Automate CB 24/24;Oise;60;Hauts-de-France;32;Automate-24-24, Lundi07.00-22.00, Mardi07.00-22.00, Mercredi07.00-22.00, Jeudi07.00-22.00, Vendredi07.00-22.00, Samedi07.00-22.00, Dimanche08.00-22.00
"21110005;4724500;522000;21110;R;Rue de la Gare;Genlis;""{""""service"""": [""""Station de gonflage"""""," """"Lavage manuel"""""," """"Vente de gaz domestique (Butane"," Propane)"""""," """"Automate CB 24/24"""""," """"DAB (Distributeur automatique de billets)""""]}"";""[{""""@nom"""": """"Gazole"""""," """"@id"""": """"1"""""," """"@maj"""": """"2026-06-03 09:46:58"""""," """"@valeur"""": """"1.912""""}"," {""""@nom"""": """"E10"""""," """"@id"""": """"5"""""," """"@maj"""": """"2026-06-03 08:00:00"""""," """"@valeur"""": """"1.969""""}"," {""""@nom"""": """"SP98"""""," """"@id"""": """"6"""""," """"@maj"""": """"2026-06-03 08:00:00"""""," """"@valeur"""": """"2.089""""}]"";""[{""""@nom"""": """"E85"""""," """"@id"""": """"3"""""," """"@debut"""": """"2017-10-25 17:45:49"""""," """"@fin"""": """""""""," """"@type"""": """"definitive""""}"," {""""@nom"""": """"GPLc"""""," """"@id"""": """"4"""""," """"@debut"""": """"2017-10-25 17:45:49"""""," """"@fin"""": """""""""," """"@type"""": """"definitive""""}"," {""""@nom"""": """"SP95"""""," """"@id"""": """"2"""""," """"@debut"""": """"2025-07-04 07:52:00"""""," """"@fin"""": """""""""," """"@type"""": """"definitive""""}]"";""{""""@automate-24-24"""": """"1"""""," """"jour"""": [{""""@id"""": """"1"""""," """"@nom"""": """"Lundi"""""," """"@ferme"""": """""""""," """"horaire"""": {""""@ouverture"""": """"00.00"""""," """"@fermeture"""": """"00.00""""}}"," {""""@id"""": """"2"""""," """"@nom"""": """"Mardi"""""," """"@ferme"""": """""""""," """"horaire"""": {""""@ouverture"""": """"00.00"""""," """"@fermeture"""": """"00.00""""}}"," {""""@id"""": """"3"""""," """"@nom"""": """"Mercredi"""""," """"@ferme"""": """""""""," """"horaire"""": {""""@ouverture"""": """"00.00"""""," """"@fermeture"""": """"00.00""""}}"," {""""@id"""": """"4"""""," """"@nom"""": """"Jeudi"""""," """"@ferme"""": """""""""," """"horaire"""": {""""@ouverture"""": """"00.00"""""," """"@fermeture"""": """"00.00""""}}"," {""""@id"""": """"5"""""," """"@nom"""": """"Vendredi"""""," """"@ferme"""": """""""""," """"horaire"""": {""""@ouverture"""": """"00.00"""""," """"@fermeture"""": """"00.00""""}}"," {""""@id"""": """"6"""""," """"@nom"""": """"Samedi"""""," """"@ferme"""": """""""""," """"horaire"""": {""""@ouverture"""": """"00.00"""""," """"@fermeture"""": """"00.00""""}}"," {""""@id"""": """"7"""""," """"@nom"""": """"Dimanche"""""," """"@ferme"""": """""""""," """"horaire"""": {""""@ouverture"""": """"00.00"""""," """"@fermeture"""": """"00.00""""}}]}"";47.245", 5.22;2026-06-03T09:46:58+00:00;1.912;;;;;;;2026-06-03T08:00:00+00:00;1.969;2026-06-03T08:00:00+00:00;2.089;;;;;2025-07-04T07:52:00+00:00;definitive;2017-10-25T17:45:49+00:00;definitive;2017-10-25T17:45:49+00:00;definitive;;;Gazole,E10,SP98;SP95,E85,"GPLc;;""SP95;E85;GPLc"";Oui;Station de gonflage",Lavage manuel,Vente de gaz domestique (Butane, Propane),Automate CB 24/24,DAB (Distributeur automatique de billets);Côte-d'Or;21;Bourgogne-Franche-Comté;27;Automate-24-24, Lundi00.00-00.00, Mardi00.00-00.00, Mercredi00.00-00.00, Jeudi00.00-00.00, Vendredi00.00-00.00, Samedi00.00-00.00, Dimanche00.00-00.00
"22600004;4819100;-275600;22600;R;73 Boulevard de Penthièvre;Loudéac;""{""""service"""": [""""Station de gonflage"""""," """"Piste poids lourds"""""," """"Lavage automatique"""""," """"Vente de gaz domestique (Butane"," Propane)"""""," """"Automate CB 24/24""""]}"";""[{""""@nom"""": """"Gazole"""""," """"@id"""": """"1"""""," """"@maj"""": """"2026-06-05 09:24:48"""""," """"@valeur"""": """"1.960""""}"," {""""@nom"""": """"SP95"""""," """"@id"""": """"2"""""," """"@maj"""": """"2026-06-05 09:24:48"""""," """"@valeur"""": """"2.040""""}"," {""""@nom"""": """"E10"""""," """"@id"""": """"5"""""," """"@maj"""": """"2026-06-05 09:24:48"""""," """"@valeur"""": """"1.880""""}]"";""[{""""@nom"""": """"GPLc"""""," """"@id"""": """"4"""""," """"@debut"""": """"2017-08-30 14:28:12"""""," """"@fin"""": """""""""," """"@type"""": """"definitive""""}"," {""""@nom"""": """"SP98"""""," """"@id"""": """"6"""""," """"@debut"""": """"2017-08-30 14:28:12"""""," """"@fin"""": """""""""," """"@type"""": """"definitive""""}"," {""""@nom"""": """"E85"""""," """"@id"""": """"3"""""," """"@debut"""": """"2017-09-01 17:14:27"""""," """"@fin"""": """""""""," """"@type"""": """"definitive""""}]"";""{""""@automate-24-24"""": """"1"""""," """"jour"""": [{""""@id"""": """"1"""""," """"@nom"""": """"Lundi"""""," """"@ferme"""": """""""""," """"horaire"""": [{""""@ouverture"""": """"09.30"""""," """"@fermeture"""": """"12.30""""}"," {""""@ouverture"""": """"15.30"""""," """"@fermeture"""": """"18.30""""}]}"," {""""@id"""": """"2"""""," """"@nom"""": """"Mardi"""""," """"@ferme"""": """""""""," """"horaire"""": [{""""@ouverture"""": """"09.30"""""," """"@fermeture"""": """"12.30""""}"," {""""@ouverture"""": """"15.30"""""," """"@fermeture"""": """"18.30""""}]}"," {""""@id"""": """"3"""""," """"@nom"""": """"Mercredi"""""," """"@ferme"""": """""""""," """"horaire"""": [{""""@ouverture"""": """"09.30"""""," """"@fermeture"""": """"12.30""""}"," {""""@ouverture"""": """"15.30"""""," """"@fermeture"""": """"18.30""""}]}"," {""""@id"""": """"4"""""," """"@nom"""": """"Jeudi"""""," """"@ferme"""": """""""""," """"horaire"""": [{""""@ouverture"""": """"09.30"""""," """"@fermeture"""": """"12.30""""}"," {""""@ouverture"""": """"15.30"""""," """"@fermeture"""": """"18.30""""}]}"," {""""@id"""": """"5"""""," """"@nom"""": """"Vendredi"""""," """"@ferme"""": """""""""," """"horaire"""": [{""""@ouverture"""": """"09.30"""""," """"@fermeture"""": """"13.00""""}"," {""""@ouverture"""": """"14.30"""""," """"@fermeture"""": """"19.00""""}]}"," {""""@id"""": """"6"""""," """"@nom"""": """"Samedi"""""," """"@ferme"""": """""""""," """"horaire"""": [{""""@ouverture"""": """"09.30"""""," """"@fermeture"""": """"13.00""""}"," {""""@ouverture"""": """"14.30"""""," """"@fermeture"""": """"18.00""""}]}"," {""""@id"""": """"7"""""," """"@nom"""": """"Dimanche"""""," """"@ferme"""": """"1""""}]}"";48.191", -2.756;2026-06-05T09:24:48+00:00;1.96;2026-06-05T09:24:48+00:00;2.04;;;;;2026-06-05T09:24:48+00:00;1.88;;;;;2017-08-30T14:28:12+00:00;definitive;;;2017-09-01T17:14:27+00:00;definitive;2017-08-30T14:28:12+00:00;definitive;;;Gazole,SP95,E10;E85,GPLc,"SP98;;""E85;GPLc;SP98"";Oui;Station de gonflage",Piste poids lourds,Lavage automatique,Vente de gaz domestique (Butane, Propane),Automate CB 24/24;Côtes-d'Armor;22;Bretagne;53;Automate-24-24, Lundi 09.30-12.30 et 15.30-18.30, Mardi 09.30-12.30 et 15.30-18.30, Mercredi 09.30-12.30 et 15.30-18.30, Jeudi 09.30-12.30 et 15.30-18.30, Vendredi 09.30-13.00 et 14.30-19.00, Samedi 09.30-13.00 et 14.30-18.00, Dimanche
"72300010;4773190.6524016;-23805.428567193;72300;R;2 AVENUE DU POIRIER ROUGE;La Chapelle-d'Aligné;""{""""service"""": """"Automate CB 24/24""""}"";""[{""""@nom"""": """"Gazole"""""," """"@id"""": """"1"""""," """"@maj"""": """"2026-05-28 11:10:55"""""," """"@valeur"""": """"2.030""""}"," {""""@nom"""": """"SP95"""""," """"@id"""": """"2"""""," """"@maj"""": """"2026-05-28 11:10:55"""""," """"@valeur"""": """"2.105""""}]"";""[{""""@nom"""": """"E85"""""," """"@id"""": """"3"""""," """"@debut"""": """"2022-06-08 12:15:53"""""," """"@fin"""": """""""""," """"@type"""": """"definitive""""}"," {""""@nom"""": """"GPLc"""""," """"@id"""": """"4"""""," """"@debut"""": """"2022-06-08 12:15:53"""""," """"@fin"""": """""""""," """"@type"""": """"definitive""""}"," {""""@nom"""": """"E10"""""," """"@id"""": """"5"""""," """"@debut"""": """"2022-06-08 12:15:53"""""," """"@fin"""": """""""""," """"@type"""": """"definitive""""}"," {""""@nom"""": """"SP98"""""," """"@id"""": """"6"""""," """"@debut"""": """"2024-05-13 07:31:17"""""," """"@fin"""": """""""""," """"@type"""": """"definitive""""}]"";""{""""@automate-24-24"""": """"1"""""," """"jour"""": [{""""@id"""": """"1"""""," """"@nom"""": """"Lundi"""""," """"@ferme"""": """"1"""""," """"horaire"""": {""""@ouverture"""": """"01.00"""""," """"@fermeture"""": """"01.00""""}}"," {""""@id"""": """"2"""""," """"@nom"""": """"Mardi"""""," """"@ferme"""": """"1"""""," """"horaire"""": {""""@ouverture"""": """"01.00"""""," """"@fermeture"""": """"01.00""""}}"," {""""@id"""": """"3"""""," """"@nom"""": """"Mercredi"""""," """"@ferme"""": """"1"""""," """"horaire"""": {""""@ouverture"""": """"01.00"""""," """"@fermeture"""": """"01.00""""}}"," {""""@id"""": """"4"""""," """"@nom"""": """"Jeudi"""""," """"@ferme"""": """"1"""""," """"horaire"""": {""""@ouverture"""": """"01.00"""""," """"@fermeture"""": """"01.00""""}}"," {""""@id"""": """"5"""""," """"@nom"""": """"Vendredi"""""," """"@ferme"""": """"1"""""," """"horaire"""": {""""@ouverture"""": """"01.00"""""," """"@fermeture"""": """"01.00""""}}"," {""""@id"""": """"6"""""," """"@nom"""": """"Samedi"""""," """"@ferme"""": """"1"""""," """"horaire"""": {""""@ouverture"""": """"01.00"""""," """"@fermeture"""": """"01.00""""}}"," {""""@id"""": """"7"""""," """"@nom"""": """"Dimanche"""""," """"@ferme"""": """"1"""""," """"horaire"""": {""""@ouverture"""": """"01.00"""""," """"@fermeture"""": """"01.00""""}}]}"";47.731906524016", -0.23805428567193002;2026-05-28T11:10:55+00:00;2.03;2026-05-28T11:10:55+00:00;2.105;;;;;;;;;2022-06-08T12:15:53+00:00;definitive;2024-05-13T07:31:17+00:00;definitive;;;2022-06-08T12:15:53+00:00;definitive;2022-06-08T12:15:53+00:00;definitive;;;Gazole,SP95;E85,GPLc,E10,"SP98;;""E85;GPLc;E10;SP98"";Oui;Automate CB 24/24;Sarthe;72;Pays de la Loire;52;Automate-24-24", Lundi01.00-01.00, Mardi01.00-01.00, Mercredi01.00-01.00, Jeudi01.00-01.00, Vendredi01.00-01.00, Samedi01.00-01.00, Dimanche01.00-01.00
"63600001;4554300;372900;63600;R;Route du PUY;Ambert;""{""""service"""": [""""Toilettes publiques"""""," """"Laverie"""""," """"Relais colis"""""," """"Station de gonflage"""""," """"Location de véhicule"""""," """"Vente de gaz domestique (Butane"," Propane)"""""," """"Bornes électriques"""""," """"Wifi"""""," """"Automate CB 24/24""""]}"";""[{""""@nom"""": """"Gazole"""""," """"@id"""": """"1"""""," """"@maj"""": """"2026-06-05 13:43:25"""""," """"@valeur"""": """"2.039""""}"," {""""@nom"""": """"SP95"""""," """"@id"""": """"2"""""," """"@maj"""": """"2026-06-05 13:43:25"""""," """"@valeur"""": """"2.029""""}"," {""""@nom"""": """"SP98"""""," """"@id"""": """"6"""""," """"@maj"""": """"2026-06-05 13:43:25"""""," """"@valeur"""": """"2.099""""}]"";""[{""""@nom"""": """"E85"""""," """"@id"""": """"3"""""," """"@debut"""": """"2017-11-16 15:33:11"""""," """"@fin"""": """""""""," """"@type"""": """"definitive""""}"," {""""@nom"""": """"GPLc"""""," """"@id"""": """"4"""""," """"@debut"""": """"2017-11-16 15:52:11"""""," """"@fin"""": """""""""," """"@type"""": """"definitive""""}"," {""""@nom"""": """"E10"""""," """"@id"""": """"5"""""," """"@debut"""": """"2017-11-16 15:52:11"""""," """"@fin"""": """""""""," """"@type"""": """"definitive""""}]"";""{""""@automate-24-24"""": """"1"""""," """"jour"""": [{""""@id"""": """"1"""""," """"@nom"""": """"Lundi"""""," """"@ferme"""": """"""""}"," {""""@id"""": """"2"""""," """"@nom"""": """"Mardi"""""," """"@ferme"""": """"""""}"," {""""@id"""": """"3"""""," """"@nom"""": """"Mercredi"""""," """"@ferme"""": """"""""}"," {""""@id"""": """"4"""""," """"@nom"""": """"Jeudi"""""," """"@ferme"""": """"""""}"," {""""@id"""": """"5"""""," """"@nom"""": """"Vendredi"""""," """"@ferme"""": """"""""}"," {""""@id"""": """"6"""""," """"@nom"""": """"Samedi"""""," """"@ferme"""": """"""""}"," {""""@id"""": """"7"""""," """"@nom"""": """"Dimanche"""""," """"@ferme"""": """"""""}]}"";45.543", 3.729;2026-06-05T13:43:25+00:00;2.039;2026-06-05T13:43:25+00:00;2.029;;;;;;;2026-06-05T13:43:25+00:00;2.099;2017-11-16T15:52:11+00:00;definitive;;;;;2017-11-16T15:33:11+00:00;definitive;2017-11-16T15:52:11+00:00;definitive;;;Gazole,SP95,SP98;E85,GPLc,"E10;;""E85;GPLc;E10"";Oui;Toilettes publiques",Laverie,Relais colis,Station de gonflage,Location de véhicule,Vente de gaz domestique (Butane, Propane),Bornes électriques,Wifi,Automate CB 24/24;Puy-de-Dôme;63;Auvergne-Rhône-Alpes;84;Automate-24-24
"56380003;4790371.15;-212180.34644582;56380;R;AVENUE DU GENERAL LECLERC;Guer;""{""""service"""": [""""Laverie"""""," """"Station de gonflage"""""," """"Location de véhicule"""""," """"Automate CB 24/24"""""," """"DAB (Distributeur automatique de billets)""""]}"";""[{""""@nom"""": """"Gazole"""""," """"@id"""": """"1"""""," """"@maj"""": """"2026-06-04 09:15:48"""""," """"@valeur"""": """"2.030""""}"," {""""@nom"""": """"E85"""""," """"@id"""": """"3"""""," """"@maj"""": """"2026-06-04 18:21:42"""""," """"@valeur"""": """"0.825""""}"," {""""@nom"""": """"E10"""""," """"@id"""": """"5"""""," """"@maj"""": """"2026-06-04 18:12:31"""""," """"@valeur"""": """"2.109""""}]"";""{""""@nom"""": """"SP98"""""," """"@id"""": """"6"""""," """"@debut"""": """"2026-06-06 16:50:12"""""," """"@fin"""": """""""""," """"@type"""": """"temporaire""""}"";""{""""@automate-24-24"""": """"1"""""," """"jour"""": [{""""@id"""": """"1"""""," """"@nom"""": """"Lundi"""""," """"@ferme"""": """""""""," """"horaire"""": {""""@ouverture"""": """"00.00"""""," """"@fermeture"""": """"00.00""""}}"," {""""@id"""": """"2"""""," """"@nom"""": """"Mardi"""""," """"@ferme"""": """""""""," """"horaire"""": {""""@ouverture"""": """"00.00"""""," """"@fermeture"""": """"00.00""""}}"," {""""@id"""": """"3"""""," """"@nom"""": """"Mercredi"""""," """"@ferme"""": """""""""," """"horaire"""": {""""@ouverture"""": """"00.00"""""," """"@fermeture"""": """"00.00""""}}"," {""""@id"""": """"4"""""," """"@nom"""": """"Jeudi"""""," """"@ferme"""": """""""""," """"horaire"""": {""""@ouverture"""": """"00.00"""""," """"@fermeture"""": """"00.00""""}}"," {""""@id"""": """"5"""""," """"@nom"""": """"Vendredi"""""," """"@ferme"""": """""""""," """"horaire"""": {""""@ouverture"""": """"00.00"""""," """"@fermeture"""": """"00.00""""}}"," {""""@id"""": """"6"""""," """"@nom"""": """"Samedi"""""," """"@ferme"""": """""""""," """"horaire"""": {""""@ouverture"""": """"00.00"""""," """"@fermeture"""": """"00.00""""}}"," {""""@id"""": """"7"""""," """"@nom"""": """"Dimanche"""""," """"@ferme"""": """"1"""""," """"horaire"""": {""""@ouverture"""": """"01.00"""""," """"@fermeture"""": """"01.00""""}}]}"";47.90371150000001", -2.1218034644582002;2026-06-04T09:15:48+00:00;2.03;;;2026-06-04T18:21:42+00:00;0.825;;;2026-06-04T18:12:31+00:00;2.109;;;;;2026-06-06T16:50:12+00:00;temporaire;;;;;;;;;Gazole,E85,E10;SP95,GPLc,SP98;SP98;;Oui;Laverie,Station de gonflage,Location de véhicule,Automate CB 24/24,DAB (Distributeur automatique de billets);Morbihan;56;Bretagne;53;Automate-24-24, Lundi00.00-00.00, Mardi00.00-00.00, Mercredi00.00-00.00, Jeudi00.00-00.00, Vendredi00.00-00.00, Samedi00.00-00.00, Dimanche01.00-01.00
"95470008;4907100;255100;95470;A;AUT A1 Aire de Vémars Ouest;Vémars;""{""""service"""": [""""Toilettes publiques"""""," """"Douches"""""," """"Boutique alimentaire"""""," """"Boutique non alimentaire"""""," """"Restauration à emporter"""""," """"Restauration sur place"""""," """"Station de gonflage"""""," """"Piste poids lourds"""""," """"Espace bébé"""""," """"Bornes électriques"""""," """"Automate CB 24/24""""]}"";""[{""""@nom"""": """"Gazole"""""," """"@id"""": """"1"""""," """"@maj"""": """"2026-06-02 09:30:00"""""," """"@valeur"""": """"2.134""""}"," {""""@nom"""": """"E10"""""," """"@id"""": """"5"""""," """"@maj"""": """"2026-06-02 09:30:00"""""," """"@valeur"""": """"2.137""""}"," {""""@nom"""": """"SP98"""""," """"@id"""": """"6"""""," """"@maj"""": """"2026-06-02 09:30:00"""""," """"@valeur"""": """"2.242""""}]"";""[{""""@nom"""": """"SP95"""""," """"@id"""": """"2"""""," """"@debut"""": """"2023-04-12 10:44:59"""""," """"@fin"""": """""""""," """"@type"""": """"definitive""""}"," {""""@nom"""": """"E85"""""," """"@id"""": """"3"""""," """"@debut"""": """"2023-04-12 10:44:59"""""," """"@fin"""": """""""""," """"@type"""": """"definitive""""}"," {""""@nom"""": """"GPLc"""""," """"@id"""": """"4"""""," """"@debut"""": """"2023-04-12 10:44:59"""""," """"@fin"""": """""""""," """"@type"""": """"definitive""""}]"";""{""""@automate-24-24"""": """"1"""""," """"jour"""": [{""""@id"""": """"1"""""," """"@nom"""": """"Lundi"""""," """"@ferme"""": """"1"""""," """"horaire"""": {""""@ouverture"""": """"01.00"""""," """"@fermeture"""": """"01.00""""}}"," {""""@id"""": """"2"""""," """"@nom"""": """"Mardi"""""," """"@ferme"""": """"1"""""," """"horaire"""": {""""@ouverture"""": """"01.00"""""," """"@fermeture"""": """"01.00""""}}"," {""""@id"""": """"3"""""," """"@nom"""": """"Mercredi"""""," """"@ferme"""": """"1"""""," """"horaire"""": {""""@ouverture"""": """"01.00"""""," """"@fermeture"""": """"01.00""""}}"," {""""@id"""": """"4"""""," """"@nom"""": """"Jeudi"""""," """"@ferme"""": """"1"""""," """"horaire"""": {""""@ouverture"""": """"01.00"""""," """"@fermeture"""": """"01.00""""}}"," {""""@id"""": """"5"""""," """"@nom"""": """"Vendredi"""""," """"@ferme"""": """"1"""""," """"horaire"""": {""""@ouverture"""": """"01.00"""""," """"@fermeture"""": """"01.00""""}}"," {""""@id"""": """"6"""""," """"@nom"""": """"Samedi"""""," """"@ferme"""": """"1"""""," """"horaire"""": {""""@ouverture"""": """"01.00"""""," """"@fermeture"""": """"01.00""""}}"," {""""@id"""": """"7"""""," """"@nom"""": """"Dimanche"""""," """"@ferme"""": """"1"""""," """"horaire"""": {""""@ouverture"""": """"01.00"""""," """"@fermeture"""": """"01.00""""}}]}"";49.071", 2.551;2026-06-02T09:30:00+00:00;2.134;;;;;;;2026-06-02T09:30:00+00:00;2.137;2026-06-02T09:30:00+00:00;2.242;;;;;2023-04-12T10:44:59+00:00;definitive;2023-04-12T10:44:59+00:00;definitive;2023-04-12T10:44:59+00:00;definitive;;;Gazole,E10,SP98;SP95,E85,"GPLc;;""SP95;E85;GPLc"";Oui;Toilettes publiques",Douches,Boutique alimentaire,Boutique non alimentaire,Restauration à emporter,Restauration sur place,Station de gonflage,Piste poids lourds,Espace bébé,Bornes électriques,Automate CB 24/24;Val-d'Oise;95;Île-de-France;11;Automate-24-24, Lundi01.00-01.00, Mardi01.00-01.00, Mercredi01.00-01.00, Jeudi01.00-01.00, Vendredi01.00-01.00, Samedi01.00-01.00, Dimanche01.00-01.00
"60260002;4915012.446903;242470.54883607;60260;R;Z.A DE LA SEIGNEURIE;Lamorlaye;;""[{""""@nom"""": """"Gazole"""""," """"@id"""": """"1"""""," """"@maj"""": """"2026-06-04 09:06:55"""""," """"@valeur"""": """"1.960""""}"," {""""@nom"""": """"E85"""""," """"@id"""": """"3"""""," """"@maj"""": """"2026-06-02 11:49:09"""""," """"@valeur"""": """"0.799""""}"," {""""@nom"""": """"E10"""""," """"@id"""": """"5"""""," """"@maj"""": """"2026-06-04 09:06:56"""""," """"@valeur"""": """"1.959""""}"," {""""@nom"""": """"SP98"""""," """"@id"""": """"6"""""," """"@maj"""": """"2026-06-04 09:06:56"""""," """"@valeur"""": """"2.048""""}]"";""[{""""@nom"""": """"SP95"""""," """"@id"""": """"2"""""," """"@debut"""": """"2019-12-19 08:13:07"""""," """"@fin"""": """""""""," """"@type"""": """"definitive""""}"," {""""@nom"""": """"GPLc"""""," """"@id"""": """"4"""""," """"@debut"""": """"2019-12-19 08:13:07"""""," """"@fin"""": """""""""," """"@type"""": """"definitive""""}]"";""{""""@automate-24-24"""": """""""""," """"jour"""": [{""""@id"""": """"1"""""," """"@nom"""": """"Lundi"""""," """"@ferme"""": """"""""}"," {""""@id"""": """"2"""""," """"@nom"""": """"Mardi"""""," """"@ferme"""": """"""""}"," {""""@id"""": """"3"""""," """"@nom"""": """"Mercredi"""""," """"@ferme"""": """"""""}"," {""""@id"""": """"4"""""," """"@nom"""": """"Jeudi"""""," """"@ferme"""": """"""""}"," {""""@id"""": """"5"""""," """"@nom"""": """"Vendredi"""""," """"@ferme"""": """"""""}"," {""""@id"""": """"6"""""," """"@nom"""": """"Samedi"""""," """"@ferme"""": """"""""}"," {""""@id"""": """"7"""""," """"@nom"""": """"Dimanche"""""," """"@ferme"""": """"""""}]}"";49.15012446903", 2.4247054883606998;2026-06-04T09:06:55+00:00;1.96;;;2026-06-02T11:49:09+00:00;0.799;;;2026-06-04T09:06:56+00:00;1.959;2026-06-04T09:06:56+00:00;2.048;;;;;2019-12-19T08:13:07+00:00;definitive;;;2019-12-19T08:13:07+00:00;definitive;;;Gazole,E85,E10,SP98;SP95,"GPLc;;""SP95;GPLc"";Non;;Oise;60;Hauts-de-France;32;"
"34500033;4335553.113;323947.9914;34500;R;ROUTE DE PEZENAS;Béziers;""{""""service"""": [""""Station de gonflage"""""," """"Vente de gaz domestique (Butane"," Propane)""""]}"";""[{""""@nom"""": """"Gazole"""""," """"@id"""": """"1"""""," """"@maj"""": """"2026-06-05 09:04:15"""""," """"@valeur"""": """"1.954""""}"," {""""@nom"""": """"E10"""""," """"@id"""": """"5"""""," """"@maj"""": """"2026-06-05 09:04:15"""""," """"@valeur"""": """"1.909""""}"," {""""@nom"""": """"SP98"""""," """"@id"""": """"6"""""," """"@maj"""": """"2026-06-04 08:56:55"""""," """"@valeur"""": """"2.108""""}]"";""[{""""@nom"""": """"SP95"""""," """"@id"""": """"2"""""," """"@debut"""": """"2024-05-14 08:50:27"""""," """"@fin"""": """""""""," """"@type"""": """"definitive""""}"," {""""@nom"""": """"E85"""""," """"@id"""": """"3"""""," """"@debut"""": """"2024-05-14 08:50:28"""""," """"@fin"""": """""""""," """"@type"""": """"definitive""""}"," {""""@nom"""": """"GPLc"""""," """"@id"""": """"4"""""," """"@debut"""": """"2024-05-14 08:50:28"""""," """"@fin"""": """""""""," """"@type"""": """"definitive""""}]"";""{""""@automate-24-24"""": """""""""," """"jour"""": [{""""@id"""": """"1"""""," """"@nom"""": """"Lundi"""""," """"@ferme"""": """"1""""}"," {""""@id"""": """"2"""""," """"@nom"""": """"Mardi"""""," """"@ferme"""": """"1""""}"," {""""@id"""": """"3"""""," """"@nom"""": """"Mercredi"""""," """"@ferme"""": """"1""""}"," {""""@id"""": """"4"""""," """"@nom"""": """"Jeudi"""""," """"@ferme"""": """"1""""}"," {""""@id"""": """"5"""""," """"@nom"""": """"Vendredi"""""," """"@ferme"""": """"1""""}"," {""""@id"""": """"6"""""," """"@nom"""": """"Samedi"""""," """"@ferme"""": """"1""""}"," {""""@id"""": """"7"""""," """"@nom"""": """"Dimanche"""""," """"@ferme"""": """"1""""}]}"";43.355531129999996", 3.239479914;2026-06-05T09:04:15+00:00;1.954;;;;;;;2026-06-05T09:04:15+00:00;1.909;2026-06-04T08:56:55+00:00;2.108;;;;;2024-05-14T08:50:27+00:00;definitive;2024-05-14T08:50:28+00:00;definitive;2024-05-14T08:50:28+00:00;definitive;;;Gazole,E10,SP98;SP95,E85,"GPLc;;""SP95;E85;GPLc"";Non;Station de gonflage",Vente de gaz domestique (Butane, Propane);Hérault;34;Occitanie;76;
"14980007;4919800;-46100;14980;R;ROUTE NATIONALE 13;Rots;""{""""service"""": [""""Station de gonflage"""""," """"Carburant additivé"""""," """"Automate CB 24/24""""]}"";""[{""""@nom"""": """"Gazole"""""," """"@id"""": """"1"""""," """"@maj"""": """"2026-06-07 06:18:23"""""," """"@valeur"""": """"2.029""""}"," {""""@nom"""": """"E10"""""," """"@id"""": """"5"""""," """"@maj"""": """"2026-06-07 06:18:23"""""," """"@valeur"""": """"2.019""""}"," {""""@nom"""": """"SP98"""""," """"@id"""": """"6"""""," """"@maj"""": """"2026-06-07 06:18:23"""""," """"@valeur"""": """"2.169""""}]"";""[{""""@nom"""": """"SP95"""""," """"@id"""": """"2"""""," """"@debut"""": """"2023-06-16 11:35:36"""""," """"@fin"""": """""""""," """"@type"""": """"definitive""""}"," {""""@nom"""": """"E85"""""," """"@id"""": """"3"""""," """"@debut"""": """"2023-06-16 11:35:36"""""," """"@fin"""": """""""""," """"@type"""": """"definitive""""}"," {""""@nom"""": """"GPLc"""""," """"@id"""": """"4"""""," """"@debut"""": """"2023-06-16 11:35:36"""""," """"@fin"""": """""""""," """"@type"""": """"definitive""""}]"";""{""""@automate-24-24"""": """"1"""""," """"jour"""": [{""""@id"""": """"1"""""," """"@nom"""": """"Lundi"""""," """"@ferme"""": """""""""," """"horaire"""": {""""@ouverture"""": """"00.00"""""," """"@fermeture"""": """"23.59""""}}"," {""""@id"""": """"2"""""," """"@nom"""": """"Mardi"""""," """"@ferme"""": """""""""," """"horaire"""": {""""@ouverture"""": """"00.00"""""," """"@fermeture"""": """"23.59""""}}"," {""""@id"""": """"3"""""," """"@nom"""": """"Mercredi"""""," """"@ferme"""": """""""""," """"horaire"""": {""""@ouverture"""": """"00.00"""""," """"@fermeture"""": """"23.59""""}}"," {""""@id"""": """"4"""""," """"@nom"""": """"Jeudi"""""," """"@ferme"""": """""""""," """"horaire"""": {""""@ouverture"""": """"00.00"""""," """"@fermeture"""": """"23.59""""}}"," {""""@id"""": """"5"""""," """"@nom"""": """"Vendredi"""""," """"@ferme"""": """""""""," """"horaire"""": {""""@ouverture"""": """"00.00"""""," """"@fermeture"""": """"23.59""""}}"," {""""@id"""": """"6"""""," """"@nom"""": """"Samedi"""""," """"@ferme"""": """""""""," """"horaire"""": {""""@ouverture"""": """"00.00"""""," """"@fermeture"""": """"23.59""""}}"," {""""@id"""": """"7"""""," """"@nom"""": """"Dimanche"""""," """"@ferme"""": """""""""," """"horaire"""": {""""@ouverture"""": """"00.00"""""," """"@fermeture"""": """"23.59""""}}]}"";49.198", -0.461;2026-06-07T06:18:23+00:00;2.029;;;;;;;2026-06-07T06:18:23+00:00;2.019;2026-06-07T06:18:23+00:00;2.169;;;;;2023-06-16T11:35:36+00:00;definitive;2023-06-16T11:35:36+00:00;definitive;2023-06-16T11:35:36+00:00;definitive;;;Gazole,E10,SP98;SP95,E85,"GPLc;;""SP95;E85;GPLc"";Oui;Station de gonflage",Carburant additivé,Automate CB 24/24;Calvados;14;Normandie;28;Automate-24-24, Lundi00.00-23.59, Mardi00.00-23.59, Mercredi00.00-23.59, Jeudi00.00-23.59, Vendredi00.00-23.59, Samedi00.00-23.59, Dimanche00.00-23.59
"54700005;4892100;605800;54700;R;Rue Nicolas Pierson;Pont-à-Mousson;""{""""service"""": [""""Boutique non alimentaire"""""," """"Station de gonflage"""""," """"Piste poids lourds"""""," """"Services réparation / entretien"""""," """"Vente de gaz domestique (Butane"," Propane)"""""," """"Automate CB 24/24""""]}"";""[{""""@nom"""": """"Gazole"""""," """"@id"""": """"1"""""," """"@maj"""": """"2026-06-03 10:35:46"""""," """"@valeur"""": """"2.030""""}"," {""""@nom"""": """"E10"""""," """"@id"""": """"5"""""," """"@maj"""": """"2026-06-03 10:35:46"""""," """"@valeur"""": """"1.951""""}"," {""""@nom"""": """"SP98"""""," """"@id"""": """"6"""""," """"@maj"""": """"2026-06-03 10:35:46"""""," """"@valeur"""": """"2.056""""}]"";""[{""""@nom"""": """"SP95"""""," """"@id"""": """"2"""""," """"@debut"""": """"2018-01-08 09:42:13"""""," """"@fin"""": """""""""," """"@type"""": """"definitive""""}"," {""""@nom"""": """"E85"""""," """"@id"""": """"3"""""," """"@debut"""": """"2018-01-11 18:47:15"""""," """"@fin"""": """""""""," """"@type"""": """"definitive""""}"," {""""@nom"""": """"GPLc"""""," """"@id"""": """"4"""""," """"@debut"""": """"2018-01-11 18:47:15"""""," """"@fin"""": """""""""," """"@type"""": """"definitive""""}]"";""{""""@automate-24-24"""": """"1"""""," """"jour"""": [{""""@id"""": """"1"""""," """"@nom"""": """"Lundi"""""," """"@ferme"""": """""""""," """"horaire"""": {""""@ouverture"""": """"08.30"""""," """"@fermeture"""": """"18.00""""}}"," {""""@id"""": """"2"""""," """"@nom"""": """"Mardi"""""," """"@ferme"""": """""""""," """"horaire"""": {""""@ouverture"""": """"08.30"""""," """"@fermeture"""": """"18.00""""}}"," {""""@id"""": """"3"""""," """"@nom"""": """"Mercredi"""""," """"@ferme"""": """""""""," """"horaire"""": {""""@ouverture"""": """"08.30"""""," """"@fermeture"""": """"18.00""""}}"," {""""@id"""": """"4"""""," """"@nom"""": """"Jeudi"""""," """"@ferme"""": """""""""," """"horaire"""": {""""@ouverture"""": """"08.30"""""," """"@fermeture"""": """"18.00""""}}"," {""""@id"""": """"5"""""," """"@nom"""": """"Vendredi"""""," """"@ferme"""": """""""""," """"horaire"""": {""""@ouverture"""": """"08.30"""""," """"@fermeture"""": """"18.00""""}}"," {""""@id"""": """"6"""""," """"@nom"""": """"Samedi"""""," """"@ferme"""": """""""""," """"horaire"""": {""""@ouverture"""": """"08.30"""""," """"@fermeture"""": """"17.30""""}}"," {""""@id"""": """"7"""""," """"@nom"""": """"Dimanche"""""," """"@ferme"""": """"1""""}]}"";48.921", 6.058;2026-06-03T10:35:46+00:00;2.03;;;;;;;2026-06-03T10:35:46+00:00;1.951;2026-06-03T10:35:46+00:00;2.056;;;;;2018-01-08T09:42:13+00:00;definitive;2018-01-11T18:47:15+00:00;definitive;2018-01-11T18:47:15+00:00;definitive;;;Gazole,E10,SP98;SP95,E85,"GPLc;;""SP95;E85;GPLc"";Oui;Boutique non alimentaire",Station de gonflage,Piste poids lourds,Services réparation / entretien,Vente de gaz domestique (Butane, Propane),Automate CB 24/24;Meurthe-et-Moselle;54;Grand Est;44;Automate-24-24, Lundi08.30-18.00, Mardi08.30-18.00, Mercredi08.30-18.00, Jeudi08.30-18.00, Vendredi08.30-18.00, Samedi08.30-17.30, Dimanche
"51067001;4926000;406300;51100;R;16 route de cernay;Reims;""{""""service"""": [""""Station de gonflage"""""," """"Lavage automatique"""""," """"Lavage manuel"""""," """"Vente de gaz domestique (Butane"," Propane)"""""," """"Automate CB 24/24"""""," """"DAB (Distributeur automatique de billets)""""]}"";""[{""""@nom"""": """"Gazole"""""," """"@id"""": """"1"""""," """"@maj"""": """"2026-06-06 10:28:54"""""," """"@valeur"""": """"1.999""""}"," {""""@nom"""": """"SP95"""""," """"@id"""": """"2"""""," """"@maj"""": """"2026-06-06 10:28:54"""""," """"@valeur"""": """"2.009""""}"," {""""@nom"""": """"E10"""""," """"@id"""": """"5"""""," """"@maj"""": """"2026-06-06 10:28:54"""""," """"@valeur"""": """"1.989""""}"," {""""@nom"""": """"SP98"""""," """"@id"""": """"6"""""," """"@maj"""": """"2026-06-06 10:28:54"""""," """"@valeur"""": """"2.068""""}]"";""[{""""@nom"""": """"E85"""""," """"@id"""": """"3"""""," """"@debut"""": """"2017-08-30 11:00:58"""""," """"@fin"""": """""""""," """"@type"""": """"definitive""""}"," {""""@nom"""": """"GPLc"""""," """"@id"""": """"4"""""," """"@debut"""": """"2017-08-30 11:00:58"""""," """"@fin"""": """""""""," """"@type"""": """"definitive""""}]"";""{""""@automate-24-24"""": """"1"""""," """"jour"""": [{""""@id"""": """"1"""""," """"@nom"""": """"Lundi"""""," """"@ferme"""": """"""""}"," {""""@id"""": """"2"""""," """"@nom"""": """"Mardi"""""," """"@ferme"""": """"""""}"," {""""@id"""": """"3"""""," """"@nom"""": """"Mercredi"""""," """"@ferme"""": """"""""}"," {""""@id"""": """"4"""""," """"@nom"""": """"Jeudi"""""," """"@ferme"""": """"""""}"," {""""@id"""": """"5"""""," """"@nom"""": """"Vendredi"""""," """"@ferme"""": """"""""}"," {""""@id"""": """"6"""""," """"@nom"""": """"Samedi"""""," """"@ferme"""": """"""""}"," {""""@id"""": """"7"""""," """"@nom"""": """"Dimanche"""""," """"@ferme"""": """"""""}]}"";49.26", 4.063;2026-06-06T10:28:54+00:00;1.999;2026-06-06T10:28:54+00:00;2.009;;;;;2026-06-06T10:28:54+00:00;1.989;2026-06-06T10:28:54+00:00;2.068;;;;;;;2017-08-30T11:00:58+00:00;definitive;2017-08-30T11:00:58+00:00;definitive;;;Gazole,SP95,E10,SP98;E85,"GPLc;;""E85;GPLc"";Oui;Station de gonflage",Lavage automatique,Lavage manuel,Vente de gaz domestique (Butane, Propane),Automate CB 24/24,DAB (Distributeur automatique de billets);Marne;51;Grand Est;44;Automate-24-24
"26000020;4490800;487800;26000;R;QUARTIER DE CHANTECOURIOLAVENUE DE PROVENCE;Valence;""{""""service"""": [""""Carburant additivé"""""," """"Piste poids lourds"""""," """"Vente de gaz domestique (Butane"," Propane)"""""," """"DAB (Distributeur automatique de billets)""""]}"";""[{""""@nom"""": """"Gazole"""""," """"@id"""": """"1"""""," """"@maj"""": """"2026-06-05 10:57:15"""""," """"@valeur"""": """"1.973""""}"," {""""@nom"""": """"E85"""""," """"@id"""": """"3"""""," """"@maj"""": """"2026-06-05 10:57:15"""""," """"@valeur"""": """"0.829""""}"," {""""@nom"""": """"GPLc"""""," """"@id"""": """"4"""""," """"@maj"""": """"2026-06-05 10:57:16"""""," """"@valeur"""": """"1.029""""}"," {""""@nom"""": """"E10"""""," """"@id"""": """"5"""""," """"@maj"""": """"2026-06-05 10:57:16"""""," """"@valeur"""": """"1.897""""}"," {""""@nom"""": """"SP98"""""," """"@id"""": """"6"""""," """"@maj"""": """"2026-06-05 10:57:16"""""," """"@valeur"""": """"1.990""""}]"";""{""""@nom"""": """"SP95"""""," """"@id"""": """"2"""""," """"@debut"""": """"2024-05-07 09:01:38"""""," """"@fin"""": """""""""," """"@type"""": """"definitive""""}"";""{""""@automate-24-24"""": """""""""," """"jour"""": [{""""@id"""": """"1"""""," """"@nom"""": """"Lundi"""""," """"@ferme"""": """"1""""}"," {""""@id"""": """"2"""""," """"@nom"""": """"Mardi"""""," """"@ferme"""": """"1""""}"," {""""@id"""": """"3"""""," """"@nom"""": """"Mercredi"""""," """"@ferme"""": """"1""""}"," {""""@id"""": """"4"""""," """"@nom"""": """"Jeudi"""""," """"@ferme"""": """"1""""}"," {""""@id"""": """"5"""""," """"@nom"""": """"Vendredi"""""," """"@ferme"""": """"1""""}"," {""""@id"""": """"6"""""," """"@nom"""": """"Samedi"""""," """"@ferme"""": """"1""""}"," {""""@id"""": """"7"""""," """"@nom"""": """"Dimanche"""""," """"@ferme"""": """"1""""}]}"";44.908", 4.878;2026-06-05T10:57:15+00:00;1.973;;;2026-06-05T10:57:15+00:00;0.829;2026-06-05T10:57:16+00:00;1.029;2026-06-05T10:57:16+00:00;1.897;2026-06-05T10:57:16+00:00;1.99;;;;;2024-05-07T09:01:38+00:00;definitive;;;;;;;Gazole,E85,GPLc,E10,SP98;SP95;;SP95;Non;Carburant additivé,Piste poids lourds,Vente de gaz domestique (Butane, Propane),DAB (Distributeur automatique de billets);Drôme;26;Auvergne-Rhône-Alpes;84;
"62620002;5045400;260700;62620;R;Rue de la Plaine;Barlin;""{""""service"""": [""""Relais colis"""""," """"Location de véhicule"""""," """"Vente de gaz domestique (Butane"," Propane)"""""," """"Automate CB 24/24"""""," """"DAB (Distributeur automatique de billets)""""]}"";""[{""""@nom"""": """"Gazole"""""," """"@id"""": """"1"""""," """"@maj"""": """"2026-06-04 10:56:30"""""," """"@valeur"""": """"2.171""""}"," {""""@nom"""": """"SP95"""""," """"@id"""": """"2"""""," """"@maj"""": """"2026-05-29 12:23:59"""""," """"@valeur"""": """"2.014""""}"," {""""@nom"""": """"E85"""""," """"@id"""": """"3"""""," """"@maj"""": """"2026-05-29 12:23:59"""""," """"@valeur"""": """"0.818""""}"," {""""@nom"""": """"E10"""""," """"@id"""": """"5"""""," """"@maj"""": """"2026-05-29 12:23:59"""""," """"@valeur"""": """"1.949""""}]"";""[{""""@nom"""": """"GPLc"""""," """"@id"""": """"4"""""," """"@debut"""": """"2017-09-05 10:08:45"""""," """"@fin"""": """""""""," """"@type"""": """"definitive""""}"," {""""@nom"""": """"SP98"""""," """"@id"""": """"6"""""," """"@debut"""": """"2019-04-03 11:22:54"""""," """"@fin"""": """""""""," """"@type"""": """"definitive""""}]"";""{""""@automate-24-24"""": """"1"""""," """"jour"""": [{""""@id"""": """"1"""""," """"@nom"""": """"Lundi"""""," """"@ferme"""": """""""""," """"horaire"""": {""""@ouverture"""": """"08.30"""""," """"@fermeture"""": """"20.00""""}}"," {""""@id"""": """"2"""""," """"@nom"""": """"Mardi"""""," """"@ferme"""": """""""""," """"horaire"""": {""""@ouverture"""": """"08.30"""""," """"@fermeture"""": """"20.00""""}}"," {""""@id"""": """"3"""""," """"@nom"""": """"Mercredi"""""," """"@ferme"""": """""""""," """"horaire"""": {""""@ouverture"""": """"08.30"""""," """"@fermeture"""": """"20.00""""}}"," {""""@id"""": """"4"""""," """"@nom"""": """"Jeudi"""""," """"@ferme"""": """""""""," """"horaire"""": {""""@ouverture"""": """"08.30"""""," """"@fermeture"""": """"20.00""""}}"," {""""@id"""": """"5"""""," """"@nom"""": """"Vendredi"""""," """"@ferme"""": """""""""," """"horaire"""": {""""@ouverture"""": """"08.30"""""," """"@fermeture"""": """"20.00""""}}"," {""""@id"""": """"6"""""," """"@nom"""": """"Samedi"""""," """"@ferme"""": """""""""," """"horaire"""": {""""@ouverture"""": """"08.30"""""," """"@fermeture"""": """"20.00""""}}"," {""""@id"""": """"7"""""," """"@nom"""": """"Dimanche"""""," """"@ferme"""": """""""""," """"horaire"""": {""""@ouverture"""": """"08.30"""""," """"@fermeture"""": """"12.30""""}}]}"";50.454", 2.607;2026-06-04T10:56:30+00:00;2.171;2026-05-29T12:23:59+00:00;2.014;2026-05-29T12:23:59+00:00;0.818;;;2026-05-29T12:23:59+00:00;1.949;;;;;2019-04-03T11:22:54+00:00;definitive;;;;;2017-09-05T10:08:45+00:00;definitive;;;Gazole,SP95,E85,E10;GPLc,"SP98;;""GPLc;SP98"";Oui;Relais colis",Location de véhicule,Vente de gaz domestique (Butane, Propane),Automate CB 24/24,DAB (Distributeur automatique de billets);Pas-de-Calais;62;Hauts-de-France;32;Automate-24-24, Lundi08.30-20.00, Mardi08.30-20.00, Mercredi08.30-20.00, Jeudi08.30-20.00, Vendredi08.30-20.00, Samedi08.30-20.00, Dimanche08.30-12.30
"41190002;4760500;114000;41190;R;Zone Commerciale de la Valstière;Herbault;""{""""service"""": [""""Toilettes publiques"""""," """"Location de véhicule"""""," """"Vente de gaz domestique (Butane"," Propane)"""""," """"Automate CB 24/24"""""," """"DAB (Distributeur automatique de billets)""""]}"";""[{""""@nom"""": """"Gazole"""""," """"@id"""": """"1"""""," """"@maj"""": """"2026-06-06 19:19:25"""""," """"@valeur"""": """"2.020""""}"," {""""@nom"""": """"SP98"""""," """"@id"""": """"6"""""," """"@maj"""": """"2026-06-03 08:53:14"""""," """"@valeur"""": """"2.068""""}]"";""[{""""@nom"""": """"E85"""""," """"@id"""": """"3"""""," """"@debut"""": """"2017-09-07 09:28:56"""""," """"@fin"""": """""""""," """"@type"""": """"definitive""""}"," {""""@nom"""": """"GPLc"""""," """"@id"""": """"4"""""," """"@debut"""": """"2017-09-07 09:28:56"""""," """"@fin"""": """""""""," """"@type"""": """"definitive""""}"," {""""@nom"""": """"SP95"""""," """"@id"""": """"2"""""," """"@debut"""": """"2019-06-25 11:46:53"""""," """"@fin"""": """""""""," """"@type"""": """"definitive""""}"," {""""@nom"""": """"E10"""""," """"@id"""": """"5"""""," """"@debut"""": """"2026-06-03 10:31:53"""""," """"@fin"""": """""""""," """"@type"""": """"temporaire""""}]"";""{""""@automate-24-24"""": """"1"""""," """"jour"""": [{""""@id"""": """"1"""""," """"@nom"""": """"Lundi"""""," """"@ferme"""": """"1"""""," """"horaire"""": {""""@ouverture"""": """"01.00"""""," """"@fermeture"""": """"01.00""""}}"," {""""@id"""": """"2"""""," """"@nom"""": """"Mardi"""""," """"@ferme"""": """"1"""""," """"horaire"""": {""""@ouverture"""": """"01.00"""""," """"@fermeture"""": """"01.00""""}}"," {""""@id"""": """"3"""""," """"@nom"""": """"Mercredi"""""," """"@ferme"""": """"1"""""," """"horaire"""": {""""@ouverture"""": """"01.00"""""," """"@fermeture"""": """"01.00""""}}"," {""""@id"""": """"4"""""," """"@nom"""": """"Jeudi"""""," """"@ferme"""": """"1"""""," """"horaire"""": {""""@ouverture"""": """"01.00"""""," """"@fermeture"""": """"01.00""""}}"," {""""@id"""": """"5"""""," """"@nom"""": """"Vendredi"""""," """"@ferme"""": """"1"""""," """"horaire"""": {""""@ouverture"""": """"01.00"""""," """"@fermeture"""": """"01.00""""}}"," {""""@id"""": """"6"""""," """"@nom"""": """"Samedi"""""," """"@ferme"""": """"1"""""," """"horaire"""": {""""@ouverture"""": """"01.00"""""," """"@fermeture"""": """"01.00""""}}"," {""""@id"""": """"7"""""," """"@nom"""": """"Dimanche"""""," """"@ferme"""": """"1"""""," """"horaire"""": {""""@ouverture"""": """"01.00"""""," """"@fermeture"""": """"01.00""""}}]}"";47.605", 1.14;2026-06-06T19:19:25+00:00;2.02;;;;;;;;;2026-06-03T08:53:14+00:00;2.068;2026-06-03T10:31:53+00:00;temporaire;;;2019-06-25T11:46:53+00:00;definitive;2017-09-07T09:28:56+00:00;definitive;2017-09-07T09:28:56+00:00;definitive;;;Gazole,SP98;SP95,E85,GPLc,"E10;E10;""SP95;E85;GPLc"";Oui;Toilettes publiques",Location de véhicule,Vente de gaz domestique (Butane, Propane),Automate CB 24/24,DAB (Distributeur automatique de billets);Loir-et-Cher;41;Centre-Val de Loire;24;Automate-24-24, Lundi01.00-01.00, Mardi01.00-01.00, Mercredi01.00-01.00, Jeudi01.00-01.00, Vendredi01.00-01.00, Samedi01.00-01.00, Dimanche01.00-01.00
"49690001;4712800;-63800;49690;R;Rond-point de la Promenade;Coron;""{""""service"""": [""""Lavage automatique"""""," """"Services réparation / entretien"""""," """"Automate CB 24/24""""]}"";""[{""""@nom"""": """"Gazole"""""," """"@id"""": """"1"""""," """"@maj"""": """"2026-06-04 11:56:39"""""," """"@valeur"""": """"2.159""""}"," {""""@nom"""": """"SP95"""""," """"@id"""": """"2"""""," """"@maj"""": """"2026-06-01 17:10:51"""""," """"@valeur"""": """"1.990""""}]"";""[{""""@nom"""": """"E85"""""," """"@id"""": """"3"""""," """"@debut"""": """"2026-04-24 09:27:45"""""," """"@fin"""": """""""""," """"@type"""": """"definitive""""}"," {""""@nom"""": """"GPLc"""""," """"@id"""": """"4"""""," """"@debut"""": """"2026-04-24 09:27:45"""""," """"@fin"""": """""""""," """"@type"""": """"definitive""""}"," {""""@nom"""": """"E10"""""," """"@id"""": """"5"""""," """"@debut"""": """"2026-04-24 09:27:45"""""," """"@fin"""": """""""""," """"@type"""": """"definitive""""}"," {""""@nom"""": """"SP98"""""," """"@id"""": """"6"""""," """"@debut"""": """"2026-04-24 09:27:45"""""," """"@fin"""": """""""""," """"@type"""": """"definitive""""}]"";""{""""@automate-24-24"""": """"1"""""," """"jour"""": [{""""@id"""": """"1"""""," """"@nom"""": """"Lundi"""""," """"@ferme"""": """"""""}"," {""""@id"""": """"2"""""," """"@nom"""": """"Mardi"""""," """"@ferme"""": """"""""}"," {""""@id"""": """"3"""""," """"@nom"""": """"Mercredi"""""," """"@ferme"""": """"""""}"," {""""@id"""": """"4"""""," """"@nom"""": """"Jeudi"""""," """"@ferme"""": """"""""}"," {""""@id"""": """"5"""""," """"@nom"""": """"Vendredi"""""," """"@ferme"""": """"""""}"," {""""@id"""": """"6"""""," """"@nom"""": """"Samedi"""""," """"@ferme"""": """"""""}"," {""""@id"""": """"7"""""," """"@nom"""": """"Dimanche"""""," """"@ferme"""": """"""""}]}"";47.128", -0.638;2026-06-04T11:56:39+00:00;2.159;2026-06-01T17:10:51+00:00;1.99;;;;;;;;;2026-04-24T09:27:45+00:00;definitive;2026-04-24T09:27:45+00:00;definitive;;;2026-04-24T09:27:45+00:00;definitive;2026-04-24T09:27:45+00:00;definitive;;;Gazole,SP95;E85,GPLc,E10,"SP98;;""E85;GPLc;E10;SP98"";Oui;Lavage automatique",Services réparation / entretien,Automate CB 24/24;Maine-et-Loire;49;Pays de la Loire;52;Automate-24-24
"87290002;4619800;130600;87290;R;Route de Lavergne;Saint-Sornin-Leulac;""{""""service"""": """"Automate CB 24/24""""}"";""[{""""@nom"""": """"Gazole"""""," """"@id"""": """"1"""""," """"@maj"""": """"2026-05-27 10:11:45"""""," """"@valeur"""": """"2.200""""}"," {""""@nom"""": """"E10"""""," """"@id"""": """"5"""""," """"@maj"""": """"2026-05-27 10:11:46"""""," """"@valeur"""": """"2.200""""}"," {""""@nom"""": """"SP98"""""," """"@id"""": """"6"""""," """"@maj"""": """"2026-05-27 10:11:46"""""," """"@valeur"""": """"2.290""""}]"";""[{""""@nom"""": """"SP95"""""," """"@id"""": """"2"""""," """"@debut"""": """"2024-04-04 11:59:44"""""," """"@fin"""": """""""""," """"@type"""": """"definitive""""}"," {""""@nom"""": """"E85"""""," """"@id"""": """"3"""""," """"@debut"""": """"2023-03-31 08:57:38"""""," """"@fin"""": """""""""," """"@type"""": """"definitive""""}"," {""""@nom"""": """"GPLc"""""," """"@id"""": """"4"""""," """"@debut"""": """"2023-03-31 08:57:38"""""," """"@fin"""": """""""""," """"@type"""": """"definitive""""}]"";""{""""@automate-24-24"""": """"1"""""," """"jour"""": [{""""@id"""": """"1"""""," """"@nom"""": """"Lundi"""""," """"@ferme"""": """"""""}"," {""""@id"""": """"2"""""," """"@nom"""": """"Mardi"""""," """"@ferme"""": """"""""}"," {""""@id"""": """"3"""""," """"@nom"""": """"Mercredi"""""," """"@ferme"""": """"""""}"," {""""@id"""": """"4"""""," """"@nom"""": """"Jeudi"""""," """"@ferme"""": """"""""}"," {""""@id"""": """"5"""""," """"@nom"""": """"Vendredi"""""," """"@ferme"""": """"""""}"," {""""@id"""": """"6"""""," """"@nom"""": """"Samedi"""""," """"@ferme"""": """"""""}"," {""""@id"""": """"7"""""," """"@nom"""": """"Dimanche"""""," """"@ferme"""": """"""""}]}"";46.198", 1.306;2026-05-27T10:11:45+00:00;2.2;;;;;;;2026-05-27T10:11:46+00:00;2.2;2026-05-27T10:11:46+00:00;2.29;;;;;2024-04-04T11:59:44+00:00;definitive;2023-03-31T08:57:38+00:00;definitive;2023-03-31T08:57:38+00:00;definitive;;;Gazole,E10,SP98;SP95,E85,"GPLc;;""SP95;E85;GPLc"";Oui;Automate CB 24/24;Haute-Vienne;87;Nouvelle-Aquitaine;75;Automate-24-24"
"86190001;4664200;17200;86190;R;ZAE DE VAUGENDRON;Vouillé;;""[{""""@nom"""": """"Gazole"""""," """"@id"""": """"1"""""," """"@maj"""": """"2026-06-04 08:33:00"""""," """"@valeur"""": """"1.999""""}"," {""""@nom"""": """"E10"""""," """"@id"""": """"5"""""," """"@maj"""": """"2026-06-01 08:55:19"""""," """"@valeur"""": """"1.939""""}"," {""""@nom"""": """"SP98"""""," """"@id"""": """"6"""""," """"@maj"""": """"2026-06-01 08:55:19"""""," """"@valeur"""": """"2.029""""}]"";""[{""""@nom"""": """"E85"""""," """"@id"""": """"3"""""," """"@debut"""": """"2017-11-09 08:03:56"""""," """"@fin"""": """""""""," """"@type"""": """"definitive""""}"," {""""@nom"""": """"GPLc"""""," """"@id"""": """"4"""""," """"@debut"""": """"2017-11-09 08:03:56"""""," """"@fin"""": """""""""," """"@type"""": """"definitive""""}"," {""""@nom"""": """"SP95"""""," """"@id"""": """"2"""""," """"@debut"""": """"2017-11-13 09:01:52"""""," """"@fin"""": """""""""," """"@type"""": """"definitive""""}]"";;46.642", 0.172;2026-06-04T08:33:00+00:00;1.999;;;;;;;2026-06-01T08:55:19+00:00;1.939;2026-06-01T08:55:19+00:00;2.029;;;;;2017-11-13T09:01:52+00:00;definitive;2017-11-09T08:03:56+00:00;definitive;2017-11-09T08:03:56+00:00;definitive;;;Gazole,E10,SP98;SP95,E85,"GPLc;;""SP95;E85;GPLc"";Non;;Vienne;86;Nouvelle-Aquitaine;75;"
"60290003;4932200;243700;60290;R;Route de Mouy;Cauffry;""{""""service"""": [""""Vente de gaz domestique (Butane"," Propane)"""""," """"Automate CB 24/24"""""," """"DAB (Distributeur automatique de billets)""""]}"";""[{""""@nom"""": """"Gazole"""""," """"@id"""": """"1"""""," """"@maj"""": """"2026-06-05 07:41:41"""""," """"@valeur"""": """"1.999""""}"," {""""@nom"""": """"GPLc"""""," """"@id"""": """"4"""""," """"@maj"""": """"2026-04-08 06:39:17"""""," """"@valeur"""": """"1.033""""}"," {""""@nom"""": """"E10"""""," """"@id"""": """"5"""""," """"@maj"""": """"2026-06-04 09:46:33"""""," """"@valeur"""": """"1.899""""}"," {""""@nom"""": """"SP98"""""," """"@id"""": """"6"""""," """"@maj"""": """"2026-06-03 07:20:45"""""," """"@valeur"""": """"2.019""""}]"";""[{""""@nom"""": """"E85"""""," """"@id"""": """"3"""""," """"@debut"""": """"2018-07-05 16:51:24"""""," """"@fin"""": """""""""," """"@type"""": """"definitive""""}"," {""""@nom"""": """"SP95"""""," """"@id"""": """"2"""""," """"@debut"""": """"2026-01-28 07:14:20"""""," """"@fin"""": """""""""," """"@type"""": """"definitive""""}]"";""{""""@automate-24-24"""": """"1"""""," """"jour"""": [{""""@id"""": """"1"""""," """"@nom"""": """"Lundi"""""," """"@ferme"""": """"1"""""," """"horaire"""": {""""@ouverture"""": """"01.00"""""," """"@fermeture"""": """"01.00""""}}"," {""""@id"""": """"2"""""," """"@nom"""": """"Mardi"""""," """"@ferme"""": """"1"""""," """"horaire"""": {""""@ouverture"""": """"01.00"""""," """"@fermeture"""": """"01.00""""}}"," {""""@id"""": """"3"""""," """"@nom"""": """"Mercredi"""""," """"@ferme"""": """"1"""""," """"horaire"""": {""""@ouverture"""": """"01.00"""""," """"@fermeture"""": """"01.00""""}}"," {""""@id"""": """"4"""""," """"@nom"""": """"Jeudi"""""," """"@ferme"""": """"1"""""," """"horaire"""": {""""@ouverture"""": """"01.00"""""," """"@fermeture"""": """"01.00""""}}"," {""""@id"""": """"5"""""," """"@nom"""": """"Vendredi"""""," """"@ferme"""": """"1"""""," """"horaire"""": {""""@ouverture"""": """"01.00"""""," """"@fermeture"""": """"01.00""""}}"," {""""@id"""": """"6"""""," """"@nom"""": """"Samedi"""""," """"@ferme"""": """"1"""""," """"horaire"""": {""""@ouverture"""": """"01.00"""""," """"@fermeture"""": """"01.00""""}}"," {""""@id"""": """"7"""""," """"@nom"""": """"Dimanche"""""," """"@ferme"""": """"1"""""," """"horaire"""": {""""@ouverture"""": """"01.00"""""," """"@fermeture"""": """"01.00""""}}]}"";49.322", 2.437;2026-06-05T07:41:41+00:00;1.999;;;;;2026-04-08T06:39:17+00:00;1.033;2026-06-04T09:46:33+00:00;1.899;2026-06-03T07:20:45+00:00;2.019;;;;;2026-01-28T07:14:20+00:00;definitive;2018-07-05T16:51:24+00:00;definitive;;;;;Gazole,GPLc,E10,SP98;SP95,"E85;;""SP95;E85"";Oui;Vente de gaz domestique (Butane", Propane),Automate CB 24/24,DAB (Distributeur automatique de billets);Oise;60;Hauts-de-France;32;Automate-24-24, Lundi01.00-01.00, Mardi01.00-01.00, Mercredi01.00-01.00, Jeudi01.00-01.00, Vendredi01.00-01.00, Samedi01.00-01.00, Dimanche01.00-01.00
"33700021;4483265;-64392;33700;R;243 AV DE LA MARNE;Mérignac;""{""""service"""": [""""Boutique alimentaire"""""," """"Boutique non alimentaire"""""," """"Station de gonflage"""""," """"Carburant additivé"""""," """"Lavage automatique"""""," """"Vente de gaz domestique (Butane"," Propane)"""""," """"DAB (Distributeur automatique de billets)""""]}"";;""[{""""@nom"""": """"GPLc"""""," """"@id"""": """"4"""""," """"@debut"""": """"2019-12-04 15:32:00"""""," """"@fin"""": """""""""," """"@type"""": """"definitive""""}"," {""""@nom"""": """"SP95"""""," """"@id"""": """"2"""""," """"@debut"""": """"2019-12-04 15:32:00"""""," """"@fin"""": """""""""," """"@type"""": """"definitive""""}"," {""""@nom"""": """"E85"""""," """"@id"""": """"3"""""," """"@debut"""": """"2019-12-04 15:32:00"""""," """"@fin"""": """""""""," """"@type"""": """"definitive""""}"," {""""@nom"""": """"SP98"""""," """"@id"""": """"6"""""," """"@debut"""": """"2026-05-17 19:42:58"""""," """"@fin"""": """""""""," """"@type"""": """"temporaire""""}"," {""""@nom"""": """"Gazole"""""," """"@id"""": """"1"""""," """"@debut"""": """"2026-06-03 19:07:29"""""," """"@fin"""": """""""""," """"@type"""": """"temporaire""""}"," {""""@nom"""": """"E10"""""," """"@id"""": """"5"""""," """"@debut"""": """"2026-06-04 14:01:15"""""," """"@fin"""": """""""""," """"@type"""": """"temporaire""""}]"";;44.83265"," -0.64392;;;;;;;;;;;;;2026-06-04T14:01:15+00:00;temporaire;2026-05-17T19:42:58+00:00;temporaire;2019-12-04T15:32:00+00:00;definitive;2019-12-04T15:32:00+00:00;definitive;2019-12-04T15:32:00+00:00;definitive;2026-06-03T19:07:29+00:00;temporaire;;;""Gazole;E10;SP98"";;Non;Boutique alimentaire",Boutique non alimentaire,Station de gonflage,Carburant additivé,Lavage automatique,Vente de gaz domestique (Butane, Propane),DAB (Distributeur automatique de billets);Gironde;33;Nouvelle-Aquitaine;75;
"63650001;4586832.7222146;363280.76412604;63650;R;RUE DE CHANTELAUZE;La Monnerie-le-Montel;""{""""service"""": [""""Toilettes publiques"""""," """"Laverie"""""," """"Boutique alimentaire"""""," """"Boutique non alimentaire"""""," """"Restauration à emporter"""""," """"Station de gonflage"""""," """"Lavage automatique"""""," """"Vente de gaz domestique (Butane"," Propane)"""""," """"Automate CB 24/24""""]}"";""[{""""@nom"""": """"Gazole"""""," """"@id"""": """"1"""""," """"@maj"""": """"2026-06-04 11:35:06"""""," """"@valeur"""": """"1.999""""}"," {""""@nom"""": """"E85"""""," """"@id"""": """"3"""""," """"@maj"""": """"2026-05-30 09:58:14"""""," """"@valeur"""": """"0.876""""}"," {""""@nom"""": """"E10"""""," """"@id"""": """"5"""""," """"@maj"""": """"2026-06-04 11:35:07"""""," """"@valeur"""": """"1.949""""}"," {""""@nom"""": """"SP98"""""," """"@id"""": """"6"""""," """"@maj"""": """"2026-06-03 09:15:26"""""," """"@valeur"""": """"2.050""""}]"";""[{""""@nom"""": """"GPLc"""""," """"@id"""": """"4"""""," """"@debut"""": """"2017-09-05 10:48:44"""""," """"@fin"""": """""""""," """"@type"""": """"definitive""""}"," {""""@nom"""": """"SP95"""""," """"@id"""": """"2"""""," """"@debut"""": """"2022-06-29 13:47:38"""""," """"@fin"""": """""""""," """"@type"""": """"temporaire""""}]"";""{""""@automate-24-24"""": """"1"""""," """"jour"""": [{""""@id"""": """"1"""""," """"@nom"""": """"Lundi"""""," """"@ferme"""": """"""""}"," {""""@id"""": """"2"""""," """"@nom"""": """"Mardi"""""," """"@ferme"""": """"""""}"," {""""@id"""": """"3"""""," """"@nom"""": """"Mercredi"""""," """"@ferme"""": """"""""}"," {""""@id"""": """"4"""""," """"@nom"""": """"Jeudi"""""," """"@ferme"""": """"""""}"," {""""@id"""": """"5"""""," """"@nom"""": """"Vendredi"""""," """"@ferme"""": """"""""}"," {""""@id"""": """"6"""""," """"@nom"""": """"Samedi"""""," """"@ferme"""": """"""""}"," {""""@id"""": """"7"""""," """"@nom"""": """"Dimanche"""""," """"@ferme"""": """"""""}]}"";45.868327222146", 3.6328076412604;2026-06-04T11:35:06+00:00;1.999;;;2026-05-30T09:58:14+00:00;0.876;;;2026-06-04T11:35:07+00:00;1.949;2026-06-03T09:15:26+00:00;2.05;;;;;2022-06-29T13:47:38+00:00;temporaire;;;2017-09-05T10:48:44+00:00;definitive;;;Gazole,E85,E10,SP98;SP95,GPLc;SP95;GPLc;Oui;Toilettes publiques,Laverie,Boutique alimentaire,Boutique non alimentaire,Restauration à emporter,Station de gonflage,Lavage automatique,Vente de gaz domestique (Butane, Propane),Automate CB 24/24;Puy-de-Dôme;63;Auvergne-Rhône-Alpes;84;Automate-24-24
"45120002;4800700;272300;45120;R;RUE DU 23 AOUT 1944;Châlette-sur-Loing;""{""""service"""": [""""Relais colis"""""," """"Restauration à emporter"""""," """"Restauration sur place"""""," """"Bar"""""," """"Station de gonflage"""""," """"Carburant additivé"""""," """"Location de véhicule"""""," """"Piste poids lourds"""""," """"Lavage automatique"""""," """"Lavage manuel"""""," """"Vente de gaz domestique (Butane"," Propane)"""""," """"Vente d'additifs carburants"""""," """"Wifi"""""," """"Automate CB 24/24"""""," """"DAB (Distributeur automatique de billets)""""]}"";""[{""""@nom"""": """"Gazole"""""," """"@id"""": """"1"""""," """"@maj"""": """"2026-06-05 15:11:40"""""," """"@valeur"""": """"1.989""""}"," {""""@nom"""": """"E85"""""," """"@id"""": """"3"""""," """"@maj"""": """"2026-05-27 06:59:24"""""," """"@valeur"""": """"0.799""""}"," {""""@nom"""": """"E10"""""," """"@id"""": """"5"""""," """"@maj"""": """"2026-06-05 15:11:40"""""," """"@valeur"""": """"1.949""""}"," {""""@nom"""": """"SP98"""""," """"@id"""": """"6"""""," """"@maj"""": """"2026-06-02 08:57:49"""""," """"@valeur"""": """"2.039""""}]"";""[{""""@nom"""": """"GPLc"""""," """"@id"""": """"4"""""," """"@debut"""": """"2020-11-09 07:10:41"""""," """"@fin"""": """""""""," """"@type"""": """"definitive""""}"," {""""@nom"""": """"SP95"""""," """"@id"""": """"2"""""," """"@debut"""": """"2022-10-18 09:10:59"""""," """"@fin"""": """""""""," """"@type"""": """"temporaire""""}]"";""{""""@automate-24-24"""": """"1"""""," """"jour"""": [{""""@id"""": """"1"""""," """"@nom"""": """"Lundi"""""," """"@ferme"""": """"""""}"," {""""@id"""": """"2"""""," """"@nom"""": """"Mardi"""""," """"@ferme"""": """"""""}"," {""""@id"""": """"3"""""," """"@nom"""": """"Mercredi"""""," """"@ferme"""": """"""""}"," {""""@id"""": """"4"""""," """"@nom"""": """"Jeudi"""""," """"@ferme"""": """"""""}"," {""""@id"""": """"5"""""," """"@nom"""": """"Vendredi"""""," """"@ferme"""": """"""""}"," {""""@id"""": """"6"""""," """"@nom"""": """"Samedi"""""," """"@ferme"""": """"""""}"," {""""@id"""": """"7"""""," """"@nom"""": """"Dimanche"""""," """"@ferme"""": """"""""}]}"";48.007", 2.723;2026-06-05T15:11:40+00:00;1.989;;;2026-05-27T06:59:24+00:00;0.799;;;2026-06-05T15:11:40+00:00;1.949;2026-06-02T08:57:49+00:00;2.039;;;;;2022-10-18T09:10:59+00:00;temporaire;;;2020-11-09T07:10:41+00:00;definitive;;;Gazole,E85,E10,SP98;SP95,GPLc;SP95;GPLc;Oui;Relais colis,Restauration à emporter,Restauration sur place,Bar,Station de gonflage,Carburant additivé,Location de véhicule,Piste poids lourds,Lavage automatique,Lavage manuel,Vente de gaz domestique (Butane, Propane),Vente d'additifs carburants,Wifi,Automate CB 24/24,DAB (Distributeur automatique de billets);Loiret;45;Centre-Val de Loire;24;Automate-24-24
"70200005;4767185;651182;70200;R;Z.a la Saline;Lure;;""[{""""@nom"""": """"Gazole"""""," """"@id"""": """"1"""""," """"@maj"""": """"2026-06-05 12:45:51"""""," """"@valeur"""": """"2.012""""}"," {""""@nom"""": """"E85"""""," """"@id"""": """"3"""""," """"@maj"""": """"2026-05-23 08:50:56"""""," """"@valeur"""": """"0.798""""}"," {""""@nom"""": """"E10"""""," """"@id"""": """"5"""""," """"@maj"""": """"2026-06-02 08:48:41"""""," """"@valeur"""": """"1.999""""}"," {""""@nom"""": """"SP98"""""," """"@id"""": """"6"""""," """"@maj"""": """"2026-05-06 08:01:19"""""," """"@valeur"""": """"2.159""""}]"";""{""""@nom"""": """"SP95"""""," """"@id"""": """"2"""""," """"@debut"""": """"2023-01-18 13:49:37"""""," """"@fin"""": """""""""," """"@type"""": """"definitive""""}"";;47.67185", 6.51182;2026-06-05T12:45:51+00:00;2.012;;;2026-05-23T08:50:56+00:00;0.798;;;2026-06-02T08:48:41+00:00;1.999;2026-05-06T08:01:19+00:00;2.159;;;;;2023-01-18T13:49:37+00:00;definitive;;;;;;;Gazole,E85,E10,SP98;SP95,GPLc;;SP95;Non;;Haute-Saône;70;Bourgogne-Franche-Comté;27;
"58160001;4692200;326900;58160;R;ROUTE DE DECIZE;Imphy;""{""""service"""": """"Automate CB 24/24""""}"";""[{""""@nom"""": """"Gazole"""""," """"@id"""": """"1"""""," """"@maj"""": """"2026-06-03 00:00:00"""""," """"@valeur"""": """"1.999""""}"," {""""@nom"""": """"SP95"""""," """"@id"""": """"2"""""," """"@maj"""": """"2026-06-03 00:00:00"""""," """"@valeur"""": """"2.099""""}"," {""""@nom"""": """"SP98"""""," """"@id"""": """"6"""""," """"@maj"""": """"2026-06-03 00:00:00"""""," """"@valeur"""": """"2.199""""}]"";""[{""""@nom"""": """"E85"""""," """"@id"""": """"3"""""," """"@debut"""": """"2016-03-07 08:00:00"""""," """"@fin"""": """""""""," """"@type"""": """"""""}"," {""""@nom"""": """"GPLc"""""," """"@id"""": """"4"""""," """"@debut"""": """"2019-04-09 15:02:56"""""," """"@fin"""": """""""""," """"@type"""": """"definitive""""}"," {""""@nom"""": """"E10"""""," """"@id"""": """"5"""""," """"@debut"""": """"2019-04-09 15:02:56"""""," """"@fin"""": """""""""," """"@type"""": """"definitive""""}]"";""{""""@automate-24-24"""": """"1"""""," """"jour"""": [{""""@id"""": """"1"""""," """"@nom"""": """"Lundi"""""," """"@ferme"""": """"1""""}"," {""""@id"""": """"2"""""," """"@nom"""": """"Mardi"""""," """"@ferme"""": """"1""""}"," {""""@id"""": """"3"""""," """"@nom"""": """"Mercredi"""""," """"@ferme"""": """"1""""}"," {""""@id"""": """"4"""""," """"@nom"""": """"Jeudi"""""," """"@ferme"""": """"1""""}"," {""""@id"""": """"5"""""," """"@nom"""": """"Vendredi"""""," """"@ferme"""": """"1""""}"," {""""@id"""": """"6"""""," """"@nom"""": """"Samedi"""""," """"@ferme"""": """"1""""}"," {""""@id"""": """"7"""""," """"@nom"""": """"Dimanche"""""," """"@ferme"""": """"1""""}]}"";46.922", 3.269;2026-06-03T00:00:00+00:00;1.999;2026-06-03T00:00:00+00:00;2.099;;;;;;;2026-06-03T00:00:00+00:00;2.199;2019-04-09T15:02:56+00:00;definitive;;;;;;;2019-04-09T15:02:56+00:00;definitive;;;Gazole,SP95,SP98;E85,GPLc,"E10;;""GPLc;E10"";Oui;Automate CB 24/24;Nièvre;58;Bourgogne-Franche-Comté;27;Automate-24-24"
